TYPE,DESCRIPTION,WTC,EngineCount,EngineType,CLASS
J328,L2J,M,2,Jet,MJ
UL45,L1P,L,1,Piston,LP
TR55,L1P,L,1,Piston,LP
ELSP,L1P,L,1,Piston,LP
CE22,A2P,L,2,Piston,LP
PETR,A1P,L,1,Piston,LP
BMAN,L1P,L,1,Piston,LP
HRNT,L1P,L,1,Piston,LP
WSP,L1P,L,1,Piston,LP
FMGO,L1P,L,1,Piston,LP
A9,L1P,L,1,Piston,LP
JCRU,L1T,L,1,Turboprop/Turboshaft,LT
GAZL,H1T,L,1,Turboprop/Turboshaft,HEL
RF9,L1P,L,1,Piston,LP
XNON,G1P,L,1,Piston,LP
MIDR,L1P,L,1,Piston,LP
JACE,L1P,L,1,Piston,LP
SACE,L1P,L,1,Piston,LP
ARKS,L1P,L,1,Piston,LP
CUB2,L1P,L,1,Piston,LP
ACRO,L1P,L,1,Piston,LP
ACR2,L1P,L,1,Piston,LP
COUG,L1P,L,1,Piston,LP
SORA,L1P,L,1,Piston,LP
J600,L1P,L,1,Piston,LP
T211,L1P,L,1,Piston,LP
LCA,L1J,M,1,Jet,MJ
RA14,L1P,L,1,Piston,LP
RA17,L1P,L,1,Piston,LP
A500,L2P,L,2,Piston,LP
A700,L2J,L,2,Jet,LJ
BUCA,A1P,L,1,Piston,LP
C21T,L2T,L,2,Turboprop/Turboshaft,LT
C10T,L1T,L,1,Turboprop/Turboshaft,LT
ADVN,A1P,L,1,Piston,LP
EX5T,L1T,L,1,Turboprop/Turboshaft,LT
MAVR,L1P,L,1,Piston,LP
AM3,L1P,L,1,Piston,LP
AMX,L1J,M,1,Jet,MJ
G222,L2T,M,2,Turboprop/Turboshaft,MT
TOR,L2J,M,2,Jet,MJ
LA60,L1P,L,1,Piston,LP
F260,L1P,L,1,Piston,LP
L90,L1T,L,1,Turboprop/Turboshaft,LT
M326,L1J,L,1,Jet,LJ
M339,L1J,L,1,Jet,LJ
F26T,L1T,L,1,Turboprop/Turboshaft,LT
M346,L2J,M,2,Jet,MJ
LA6T,L1T,L,1,Turboprop/Turboshaft,LT
AC72,L2P,L,2,Piston,LP
AC50,L2P,L,2,Piston,LP
AC52,L2P,L,2,Piston,LP
AC56,L2P,L,2,Piston,LP
AC68,L2P,L,2,Piston,LP
AE45,L2P,L,2,Piston,LP
L39,L1J,L,1,Jet,LJ
L159,L1J,M,1,Jet,MJ
L60,L1P,L,1,Piston,LP
BU31,L1P,L,1,Piston,LP
MG15,L1J,L,1,Jet,LJ
L29,L1J,L,1,Jet,LJ
L59,L1J,L,1,Jet,LJ
A270,L1T,L,1,Turboprop/Turboshaft,LT
AAT4,L1P,L,1,Piston,LP
AAT3,L1P,L,1,Piston,LP
P220,L1P,L,1,Piston,LP
AVTR,A1P,L,1,Piston,LP
ZEP2,L1P,L,1,Piston,LP
AB95,L1P,L,1,Piston,LP
AB11,L1P,L,1,Piston,LP
AB15,L1P,L,1,Piston,LP
AB18,L1P,L,1,Piston,LP
VO10,L1P,L,1,Piston,LP
M200,L1P,L,1,Piston,LP
AC6L,L2P,L,2,Piston,LP
AC80,L2T,L,2,Turboprop/Turboshaft,LT
JCOM,L2J,M,2,Jet,MJ
CLB1,L1P,L,1,Piston,LP
SS2P,L1P,L,1,Piston,LP
PULS,L1P,L,1,Piston,LP
R22,H1P,L,1,Piston,HEL
AGSH,A1P,L,1,Piston,LP
PETL,L1P,L,1,Piston,LP
RF5,L1P,L,1,Piston,LP
SCUB,L1P,L,1,Piston,LP
GAVI,L1P,L,1,Piston,LP
TC2,L1P,L,1,Piston,LP
G164,L1P,L,1,Piston,LP
GUEP,L1P,L,1,Piston,LP
GEPE,L1P,L,1,Piston,LP
SGUP,L4T,M,4,Turboprop/Turboshaft,MT
QUAS,L1P,L,1,Piston,LP
MX80,L1P,L,1,Piston,LP
MX1T,L1P,L,1,Piston,LP
MX58,L1P,L,1,Piston,LP
MX10,L1P,L,1,Piston,LP
OKHO,G1P,L,1,Piston,LP
CH70,L1P,L,1,Piston,LP
COZY,L1P,L,1,Piston,LP
CAR,L1P,L,1,Piston,LP
COOT,A1P,L,1,Piston,LP
MIMP,L1P,L,1,Piston,LP
CA3,L1P,L,1,Piston,LP
CA4,L1P,L,1,Piston,LP
CA6,L1P,L,1,Piston,LP
CA7P,L1P,L,1,Piston,LP
CA7T,L1T,L,1,Turboprop/Turboshaft,LT
CA8,L1T,L,1,Turboprop/Turboshaft,LT
CA1P,L1P,L,1,Piston,LP
CA1T,L1T,L,1,Turboprop/Turboshaft,LT
EZFL,L1P,L,1,Piston,LP
MAME,L1P,L,1,Piston,LP
D11,L1P,L,1,Piston,LP
G800,L1P,L,1,Piston,LP
J177,L1P,L,1,Piston,LP
S450,L1P,L,1,Piston,LP
ISAT,L1P,L,1,Piston,LP
ZA6,H1P,L,1,Piston,HEL
MP02,L1P,L,1,Piston,LP
LOCA,L1P,L,1,Piston,LP
SKIF,A1P,L,1,Piston,LP
F8L,L1P,L,1,Piston,LP
RF10,L1P,L,1,Piston,LP
GURI,L1P,L,1,Piston,LP
CH7A,L1P,L,1,Piston,LP
AR11,L1P,L,1,Piston,LP
AR15,L1P,L,1,Piston,LP
AERK,L1P,L,1,Piston,LP
AR50,L1P,L,1,Piston,LP
AR65,L1P,L,1,Piston,LP
AR5T,L1P,L,1,Piston,LP
AR6T,L1P,L,1,Piston,LP
AIRL,L2P,L,2,Piston,LP
LGND,L1P,L,1,Piston,LP
LAKX,L1P,L,1,Piston,LP
A19,L1P,L,1,Piston,LP
A21,L1P,L,1,Piston,LP
A23,L1P,L,1,Piston,LP
A25,A1P,L,1,Piston,LP
A27,L1P,L,1,Piston,LP
A33,L1P,L,1,Piston,LP
AA37,L2P,L,2,Piston,LP
AP20,L1P,L,1,Piston,LP
AP22,L1P,L,1,Piston,LP
AP24,A1P,L,1,Piston,LP
AP26,L2P,L,2,Piston,LP
AP28,L2P,L,2,Piston,LP
AP36,L2P,L,2,Piston,LP
AP32,L1P,L,1,Piston,LP
EFOX,L1P,L,1,Piston,LP
T411,L1P,L,1,Piston,LP
T101,L1T,L,1,Turboprop/Turboshaft,LT
APUP,L1P,L,1,Piston,LP
DNGO,A1T,L,1,Turboprop/Turboshaft,LT
UL2F,L1P,L,1,Piston,LP
F41E,L2P,L,2,Piston,LP
KATR,L1P,L,1,Piston,LP
MH46,L1P,L,1,Piston,LP
ALO2,H1T,L,1,Turboprop/Turboshaft,HEL
ALO3,H1T,L,1,Turboprop/Turboshaft,HEL
AS32,H2T,M,2,Turboprop/Turboshaft,HEL
AS3B,H2T,M,2,Turboprop/Turboshaft,HEL
AS50,H1T,L,1,Turboprop/Turboshaft,HEL
AS55,H2T,L,2,Turboprop/Turboshaft,HEL
AS65,H2T,L,2,Turboprop/Turboshaft,HEL
PUMA,H2T,L,2,Turboprop/Turboshaft,HEL
FOUG,L2J,L,2,Jet,LJ
S601,L2J,L,2,Jet,LJ
S360,H1T,L,1,Turboprop/Turboshaft,HEL
S65C,H2T,L,2,Turboprop/Turboshaft,HEL
TB30,L1P,L,1,Piston,LP
N262,L2T,M,2,Turboprop/Turboshaft,MT
LAMA,H1T,L,1,Turboprop/Turboshaft,HEL
FREL,H3T,M,3,Turboprop/Turboshaft,HEL
WT9,L1P,L,1,Piston,LP
WT10,L1P,L,1,Piston,LP
QAIL,L1P,L,1,Piston,LP
RAIL,L1P,L,1,Piston,LP
SCAM,L1P,L,1,Piston,LP
WOPU,L1P,L,1,Piston,LP
M10,L1P,L,1,Piston,LP
M20P,L1P,L,1,Piston,LP
AEST,L2P,L,2,Piston,LP
FJ10,L2J,L,2,Jet,LJ
FEST,L1P,L,1,Piston,LP
YK52,L1P,L,1,Piston,LP
MG21,L1J,M,1,Jet,MJ
WILT,L1P,L,1,Piston,LP
BREZ,L1P,L,1,Piston,LP
A122,L1P,L,1,Piston,LP
MX65,L1P,L,1,Piston,LP
SVNH,L1P,L,1,Piston,LP
L13S,L1P,L,1,Piston,LP
PTS1,L1P,L,1,Piston,LP
PTS2,L1P,L,1,Piston,LP
HUMM,L1P,L,1,Piston,LP
GRIZ,L1T,L,1,Turboprop/Turboshaft,LT
L6,A2P,L,2,Piston,LP
LA8,A2P,L,2,Piston,LP
TOUR,L1P,L,1,Piston,LP
CT4,L1P,L,1,Piston,LP
OSCR,L1P,L,1,Piston,LP
G64T,L1T,L,1,Turboprop/Turboshaft,LT
PZ26,L1P,L,1,Piston,LP
A109,H2T,L,2,Turboprop/Turboshaft,HEL
A119,H1T,L,1,Turboprop/Turboshaft,HEL
A129,H2T,L,2,Turboprop/Turboshaft,HEL
B47G,H1P,L,1,Piston,HEL
B47J,H1P,L,1,Piston,HEL
UH1,H1T,L,1,Turboprop/Turboshaft,HEL
B06,H1T,L,1,Turboprop/Turboshaft,HEL
B212,H2T,L,2,Turboprop/Turboshaft,HEL
B412,H2T,L,2,Turboprop/Turboshaft,HEL
S61,H2T,M,2,Turboprop/Turboshaft,HEL
S61R,H2T,M,2,Turboprop/Turboshaft,HEL
A139,H2T,L,2,Turboprop/Turboshaft,HEL
H500,H1T,L,1,Turboprop/Turboshaft,HEL
A149,H2T,M,2,Turboprop/Turboshaft,HEL
EH10,H3T,M,3,Turboprop/Turboshaft,HEL
LYNX,H2T,L,2,Turboprop/Turboshaft,HEL
A169,H2T,L,2,Turboprop/Turboshaft,HEL
A189,H2T,M,2,Turboprop/Turboshaft,HEL
B609,T2T,M,2,Turboprop/Turboshaft,MT
H47,H2T,M,2,Turboprop/Turboshaft,HEL
RJ70,L4J,M,4,Jet,MJ
RJ85,L4J,M,4,Jet,MJ
RJ1H,L4J,M,4,Jet,MJ
JS41,L2T,M,2,Turboprop/Turboshaft,MT
SV4,L1P,L,1,Piston,LP
AN2,L1P,L,1,Piston,LP
P28A,L1P,L,1,Piston,LP
P28B,L1P,L,1,Piston,LP
P28R,L1P,L,1,Piston,LP
PA32,L1P,L,1,Piston,LP
PAY2,L2T,L,2,Turboprop/Turboshaft,LT
PAY3,L2T,L,2,Turboprop/Turboshaft,LT
PA31,L2P,L,2,Piston,LP
P32R,L1P,L,1,Piston,LP
PA30,L2P,L,2,Piston,LP
P32T,L1P,L,1,Piston,LP
PA34,L2P,L,2,Piston,LP
PA36,L1P,L,1,Piston,LP
PA38,L1P,L,1,Piston,LP
PA44,L2P,L,2,Piston,LP
P28S,L1P,L,1,Piston,LP
P28U,L1P,L,1,Piston,LP
CH1,L1T,L,1,Turboprop/Turboshaft,LT
AT3,L2J,M,2,Jet,MJ
CKUO,L2J,M,2,Jet,MJ
F5,L2J,M,2,Jet,MJ
RV6,L1P,L,1,Piston,LP
M18,L1P,L,1,Piston,LP
A748,L2T,M,2,Turboprop/Turboshaft,MT
EPIC,L1T,L,1,Turboprop/Turboshaft,LT
ELIT,L2J,L,2,Jet,LJ
ESCA,L1T,L,1,Turboprop/Turboshaft,LT
EVIC,L1J,L,1,Jet,LJ
UM18,G1P,L,1,Piston,LP
TSTR,G1P,L,1,Piston,LP
CMD1,G1P,L,1,Piston,LP
CMDT,G1P,L,1,Piston,LP
CMDE,G1P,L,1,Piston,LP
FU24,L1P,L,1,Piston,LP
ERCO,L1P,L,1,Piston,LP
AT3P,L1P,L,1,Piston,LP
AT3T,L1T,L,1,Turboprop/Turboshaft,LT
AT5P,L1P,L,1,Piston,LP
AT5T,L1T,L,1,Turboprop/Turboshaft,LT
AT6T,L1T,L,1,Turboprop/Turboshaft,LT
AT8T,L1T,L/M,1,Turboprop/Turboshaft,L/MT
AT2P,L1P,L,1,Piston,LP
A332,L2J,H,2,Jet,HJ
A339,L2J,H,2,Jet,HJ
A19N,L2J,M,2,Jet,MJ
A20N,L2J,M,2,Jet,MJ
A21N,L2J,M,2,Jet,MJ
EFAN,L2E,L,2,Electric,LE
A400,L4T,H,4,Turboprop/Turboshaft,HT
C295,L2T,M,2,Turboprop/Turboshaft,MT
CN35,L2T,M,2,Turboprop/Turboshaft,MT
A35K,L2J,H,2,Jet,HJ
A319,L2J,M,2,Jet,MJ
A318,L2J,M,2,Jet,MJ
A320,L2J,M,2,Jet,MJ
A342,L4J,H,4,Jet,HJ
A343,L4J,H,4,Jet,HJ
A345,L4J,H,4,Jet,HJ
A346,L4J,H,4,Jet,HJ
A388,L4J,J,4,Jet,JJ
BCS1,L2J,M,2,Jet,MJ
A338,L2J,H,2,Jet,HJ
A359,L2J,H,2,Jet,HJ
BCS3,L2J,M,2,Jet,MJ
A337,L2J,H,2,Jet,HJ
A30B,L2J,H,2,Jet,HJ
A306,L2J,H,2,Jet,HJ
A3ST,L2J,H,2,Jet,HJ
A310,L2J,H,2,Jet,HJ
A321,L2J,M,2,Jet,MJ
A333,L2J,H,2,Jet,HJ
C212,L2T,M,2,Turboprop/Turboshaft,MT
H160,H2T,L,2,Turboprop/Turboshaft,HEL
TIGR,H2T,L,2,Turboprop/Turboshaft,HEL
EC20,H1T,L,1,Turboprop/Turboshaft,HEL
EC30,H1T,L,1,Turboprop/Turboshaft,HEL
EC35,H2T,L,2,Turboprop/Turboshaft,HEL
EC55,H2T,L,2,Turboprop/Turboshaft,HEL
EC25,H2T,M,2,Turboprop/Turboshaft,HEL
EC75,H2T,M,2,Turboprop/Turboshaft,HEL
EC45,H2T,L,2,Turboprop/Turboshaft,HEL
VW10,L1P,L,1,Piston,LP
SPGY,G1P,L,1,Piston,LP
STAL,L1P,L,1,Piston,LP
STAT,L1T,L,1,Turboprop/Turboshaft,LT
BU20,L3P,L,3,Piston,LP
L410,L2T,L,2,Turboprop/Turboshaft,LT
BLKS,L1P,L,1,Piston,LP
RODS,L1P,L,1,Piston,LP
R109,L1P,L,1,Piston,LP
TAIL,L1P,L,1,Piston,LP
VWIT,L1P,L,1,Piston,LP
ATAC,L1P,L,1,Piston,LP
ATIS,L1P,L,1,Piston,LP
M360,L1P,L,1,Piston,LP
AVID,L1P,L,1,Piston,LP
SCOM,L1P,L,1,Piston,LP
MAGN,L1P,L,1,Piston,LP
SPUP,L1P,L,1,Piston,LP
PA18,L1P,L,1,Piston,LP
ALSL,L1P,L,1,Piston,LP
SMAX,A1P,L,1,Piston,LP
ONE,L1P,L,1,Piston,LP
JFOX,L1P,L,1,Piston,LP
UF10,L1P,L,1,Piston,LP
SLG2,L1P,L,1,Piston,LP
SLG4,L1P,L,1,Piston,LP
SNTA,L1P,L,1,Piston,LP
DHC2,L1P,L,1,Piston,LP
DHC3,L1P,L,1,Piston,LP
I11B,L1P,L,1,Piston,LP
I115,L1P,L,1,Piston,LP
C02T,L2T,L,2,Turboprop/Turboshaft,LT
C14T,L2T,L,2,Turboprop/Turboshaft,LT
B13,L1P,L,1,Piston,LP
D39,L1P,L,1,Piston,LP
AK1,L1P,L,1,Piston,LP
MU23,L1P,L,1,Piston,LP
SCRO,L1P,L,1,Piston,LP
FNKB,L1P,L,1,Piston,LP
G200,L1P,L,1,Piston,LP
G202,L1P,L,1,Piston,LP
CP10,L1P,L,1,Piston,LP
CP22,L1P,L,1,Piston,LP
CP23,L1P,L,1,Piston,LP
MLER,L1P,L,1,Piston,LP
HAR,L1J,M,1,Jet,MJ
C27J,L2T,M,2,Turboprop/Turboshaft,MT
EUFI,L2J,M,2,Jet,MJ
BL17,L1P,L,1,Piston,LP
A211,L1P,L,1,Piston,LP
B36T,L1T,L,1,Turboprop/Turboshaft,LT
PAGO,L1P,L,1,Piston,LP
J300,L1P,L,1,Piston,LP
SAVG,L1P,L,1,Piston,LP
CHCS,L1P,L,1,Piston,LP
RF3,L1P,L,1,Piston,LP
RF4,L1P,L,1,Piston,LP
JAJ5,L1P,L,1,Piston,LP
R200,L1P,L,1,Piston,LP
PNR4,L1P,L,1,Piston,LP
PNR2,L1P,L,1,Piston,LP
ES11,H1T,L,1,Turboprop/Turboshaft,HEL
PNR3,L1P,L,1,Piston,LP
AV68,L1P,L,1,Piston,LP
ALC1,L1P,L,1,Piston,LP
RARO,L1P,L,1,Piston,LP
BD5,L1P,L,1,Piston,LP
BD5J,L1J,L,1,Jet,LJ
POLI,L1P,L,1,Piston,LP
DEAG,G1P,L,1,Piston,LP
KTOO,L1P,L,1,Piston,LP
SPOR,L1P,L,1,Piston,LP
VIXN,L1P,L,1,Piston,LP
ROND,L1P,L,1,Piston,LP
TB05,L1P,L,1,Piston,LP
CH2T,L1P,L,1,Piston,LP
CH60,L1P,L,1,Piston,LP
CH75,L1P,L,1,Piston,LP
CH65,L1P,L,1,Piston,LP
EAGT,L1P,L,1,Piston,LP
AA1,L1P,L,1,Piston,LP
AA5,L1P,L,1,Piston,LP
VSON,L1P,L,1,Piston,LP
FALC,L1P,L,1,Piston,LP
SPHA,G1P,L,1,Piston,LP
CH7B,L1P,L,1,Piston,LP
BL8,L1P,L,1,Piston,LP
AEA1,L1P,L,1,Piston,LP
JDOE,L1P,L,1,Piston,LP
J3,L1P,L,1,Piston,LP
PA11,L1P,L,1,Piston,LP
ULTS,H1P,L,1,Piston,HEL
BLBU,L1P,L,1,Piston,LP
TFK2,L1P,L,1,Piston,LP
TARO,L1P,L,1,Piston,LP
KFIS,A1P,L,1,Piston,LP
T250,L1P,L,1,Piston,LP
AG14,L1P,L,1,Piston,LP
JUNR,L1P,L,1,Piston,LP
ANGL,L2P,L,2,Piston,LP
SWAK,L1P,L,1,Piston,LP
TRIS,L3P,L,3,Piston,LP
AT1,L1P,L,1,Piston,LP
A178,L2J,M,2,Jet,MJ
AN3,L1T,L,1,Turboprop/Turboshaft,LT
AN8,L2T,M,2,Turboprop/Turboshaft,MT
AN12,L4T,M,4,Turboprop/Turboshaft,MT
AN22,L4T,H,4,Turboprop/Turboshaft,HT
AN24,L2T,M,2,Turboprop/Turboshaft,MT
AN26,L2T,M,2,Turboprop/Turboshaft,MT
AN28,L2T,L,2,Turboprop/Turboshaft,LT
AN30,L2T,M,2,Turboprop/Turboshaft,MT
AN32,L2T,M,2,Turboprop/Turboshaft,MT
AN38,L2T,M,2,Turboprop/Turboshaft,MT
AN70,L4T,M,4,Turboprop/Turboshaft,MT
AN72,L2J,M,2,Jet,MJ
A743,L2J,M,2,Jet,MJ
A124,L4J,H,4,Jet,HJ
A140,L2T,M,2,Turboprop/Turboshaft,MT
A148,L2J,M,2,Jet,MJ
A225,L6J,H,6,Jet,HJ
A158,L2J,M,2,Jet,MJ
AJET,L2J,M,2,Jet,MJ
TUCA,L1T,L,1,Turboprop/Turboshaft,LT
ZIA,L1P,L,1,Piston,LP
DRTG,L1P,L,1,Piston,LP
A210,L1P,L,1,Piston,LP
AR79,L1P,L,1,Piston,LP
RF47,L1P,L,1,Piston,LP
S1,L1P,L,1,Piston,LP
S4,L1P,L,1,Piston,LP
ALIG,L1P,L,1,Piston,LP
METR,L2J,M,2,Jet,MJ
SHAW,L1J,M,1,Jet,MJ
SAB2,L1P,L,1,Piston,LP
ARWF,L1P,L,1,Piston,LP
YARR,L1P,L,1,Piston,LP
ARV1,L1P,L,1,Piston,LP
BEVR,L1P,L,1,Piston,LP
CHIN,L1P,L,1,Piston,LP
ASO4,L1P,L,1,Piston,LP
ASOX,L1P,L,1,Piston,LP
L181,L1P,L,1,Piston,LP
H60,H2T,M,2,Turboprop/Turboshaft,HEL
F18H,L2J,M,2,Jet,MJ
PAT2,L1P,L,1,Piston,LP
ZEPH,L1P,L,1,Piston,LP
FAET,L1P,L,1,Piston,LP
OMSD,A1P,L,1,Piston,LP
PC7,L1T,L,1,Turboprop/Turboshaft,LT
MIRA,L1J,M,1,Jet,MJ
RVAL,H2T,M,2,Turboprop/Turboshaft,HEL
AT43,L2T,M,2,Turboprop/Turboshaft,MT
AT44,L2T,M,2,Turboprop/Turboshaft,MT
AT45,L2T,M,2,Turboprop/Turboshaft,MT
AT46,L2T,M,2,Turboprop/Turboshaft,MT
AT72,L2T,M,2,Turboprop/Turboshaft,MT
AT73,L2T,M,2,Turboprop/Turboshaft,MT
AT75,L2T,M,2,Turboprop/Turboshaft,MT
AT76,L2T,M,2,Turboprop/Turboshaft,MT
J1,L1P,L,1,Piston,LP
AUS9,L1P,L,1,Piston,LP
D4,L1P,L,1,Piston,LP
D5,L1P,L,1,Piston,LP
D6,L1P,L,1,Piston,LP
AUS5,L1P,L,1,Piston,LP
AUJ2,L1P,L,1,Piston,LP
AUJ4,L1P,L,1,Piston,LP
ADVE,L1P,L,1,Piston,LP
ACAR,L1P,L,1,Piston,LP
AIGT,L1P,L,1,Piston,LP
ALPI,L1P,L,1,Piston,LP
AUS6,L1P,L,1,Piston,LP
AUS7,L1P,L,1,Piston,LP
DRIF,L1P,L,1,Piston,LP
NH90,H2T,M,2,Turboprop/Turboshaft,HEL
UBAT,L1P,L,1,Piston,LP
MT,G1P,L,1,Piston,LP
CDUS,G1P,L,1,Piston,LP
CLON,G1P,L,1,Piston,LP
A29,L1P,L,1,Piston,LP
A31,L1P,L,1,Piston,LP
A35,L1P,L,1,Piston,LP
VL3,L1P,L,1,Piston,LP
FL3,L1P,L,1,Piston,LP
IL14,L2P,M,2,Piston,MP
ACRD,L2P,L,2,Piston,LP
BL19,L1P,L,1,Piston,LP
A16,L1P,L,1,Piston,LP
YNHL,H2P,L,2,Piston,HEL
VG3T,L1P,L,1,Piston,LP
NIBB,L1P,L,1,Piston,LP
P19,L1P,L,1,Piston,LP
AC5M,L1P,L,1,Piston,LP
M110,L1P,L,1,Piston,LP
HUSK,L1P,L,1,Piston,LP
EAGL,L1P,L,1,Piston,LP
PTSS,L1P,L,1,Piston,LP
C185,L1P,L,1,Piston,LP
A900,L1P,L,1,Piston,LP
A890,L1P,L,1,Piston,LP
A910,L1P,L,1,Piston,LP
A251,A2P,L,2,Piston,LP
ALBU,L1P,L,1,Piston,LP
MGNM,L1P,L,1,Piston,LP
CARV,L4P,M,4,Piston,MP
MERK,L2P,L,2,Piston,LP
AC31,H1T,L,1,Turboprop/Turboshaft,HEL
AC33,H3T,M,3,Turboprop/Turboshaft,HEL
AVAM,A1P,L,1,Piston,LP
IR99,L1J,L,1,Jet,LJ
F1FV,L1P,L,1,Piston,LP
C188,L1P,L,1,Piston,LP
C150,L1P,L,1,Piston,LP
C152,L1P,L,1,Piston,LP
C172,L1P,L,1,Piston,LP
C72R,L1P,L,1,Piston,LP
C77R,L1P,L,1,Piston,LP
C182,L1P,L,1,Piston,LP
C206,L1P,L,1,Piston,LP
C210,L1P,L,1,Piston,LP
C310,L2P,L,2,Piston,LP
C337,L2P,L,2,Piston,LP
C340,L2P,L,2,Piston,LP
C402,L2P,L,2,Piston,LP
C414,L2P,L,2,Piston,LP
P210,L1P,L,1,Piston,LP
C82R,L1P,L,1,Piston,LP
C303,L2P,L,2,Piston,LP
BN2P,L2P,L,2,Piston,LP
NIPR,L1P,L,1,Piston,LP
TIPB,L1P,L,1,Piston,LP
TIJU,L1P,L,1,Piston,LP
SL90,L1P,L,1,Piston,LP
BEAR,L1P,L,1,Piston,LP
A504,L1P,L,1,Piston,LP
AVIN,L1P,L,1,Piston,LP
TUTR,L1P,L,1,Piston,LP
ANSN,L2P,L,2,Piston,LP
LANC,L4P,M,4,Piston,MP
SHAC,L4P,M,4,Piston,MP
SS2T,L1T,L,1,Turboprop/Turboshaft,LT
A660,L1T,L,1,Turboprop/Turboshaft,LT
SABW,L1P,L,1,Piston,LP
FK12,L1P,L,1,Piston,LP
FK9,L1P,L,1,Piston,LP
FK14,L1P,L,1,Piston,LP
BA11,L2J,M,2,Jet,MJ
JPRO,L1J,L,1,Jet,LJ
CNBR,L2J,M,2,Jet,MJ
LTNG,L2J,M,2,Jet,MJ
STRK,L1J,L,1,Jet,LJ
PA12,L1P,L,1,Piston,LP
MSQ2,L1P,L,1,Piston,LP
HAWK,L1J,L/M,1,Jet,L/MJ
DUCE,L1P,L,1,Piston,LP
BR54,G1P,L,1,Piston,LP
J4B2,G1P,L,1,Piston,LP
BAR6,L1P,L,1,Piston,LP
DC3T,L2T,M,2,Turboprop/Turboshaft,MT
WH4,L1T,L,1,Turboprop/Turboshaft,LT
BD5T,L1T,L,1,Turboprop/Turboshaft,LT
AIRD,L1P,L,1,Piston,LP
PUP,L1P,L,1,Piston,LP
BDOG,L1P,L,1,Piston,LP
BASS,L2P,L,2,Piston,LP
AU11,L1P,L,1,Piston,LP
BD4,L1P,L,1,Piston,LP
BD10,L1J,L,1,Jet,LJ
BD17,L1P,L,1,Piston,LP
BE17,L1P,L,1,Piston,LP
BE18,L2P,L,2,Piston,LP
B18T,L2T,L,2,Turboprop/Turboshaft,LT
BE19,L1P,L,1,Piston,LP
BE23,L1P,L,1,Piston,LP
BE24,L1P,L,1,Piston,LP
BE33,L1P,L,1,Piston,LP
BE35,L1P,L,1,Piston,LP
T34P,L1P,L,1,Piston,LP
BE50,L2P,L,2,Piston,LP
BE55,L2P,L,2,Piston,LP
BE56,L2P,L,2,Piston,LP
BE58,L2P,L,2,Piston,LP
BE60,L2P,L,2,Piston,LP
BE65,L2P,L,2,Piston,LP
BE70,L2P,L,2,Piston,LP
BE76,L2P,L,2,Piston,LP
BE77,L1P,L,1,Piston,LP
BE80,L2P,L,2,Piston,LP
BE88,L2P,L,2,Piston,LP
U21,L2T,L,2,Turboprop/Turboshaft,LT
BE9L,L2T,L,2,Turboprop/Turboshaft,LT
BE9T,L2T,L,2,Turboprop/Turboshaft,LT
BE95,L2P,L,2,Piston,LP
BE99,L2T,L,2,Turboprop/Turboshaft,LT
BE10,L2T,L,2,Turboprop/Turboshaft,LT
BE20,L2T,L/M,2,Turboprop/Turboshaft,L/MT
B350,L2T,L/M,2,Turboprop/Turboshaft,L/MT
BE30,L2T,L,2,Turboprop/Turboshaft,LT
BE40,L2J,M,2,Jet,MJ
U22,L1P,L,1,Piston,LP
B190,L2T,M,2,Turboprop/Turboshaft,MT
STAR,L2T,L,2,Turboprop/Turboshaft,LT
BE36,L1P,L,1,Piston,LP
T34T,L1T,L,1,Turboprop/Turboshaft,LT
B60T,L2T,L,2,Turboprop/Turboshaft,LT
BE4W,L2J,M,2,Jet,MJ
BT36,L1P,L,1,Piston,LP
B58T,L2P,L,2,Piston,LP
TEX2,L1T,L,1,Turboprop/Turboshaft,LT
BE22,L1T,L,1,Turboprop/Turboshaft,LT
BS60,L2T,L,2,Turboprop/Turboshaft,LT
GBSP,L1P,L,1,Piston,LP
AD20,L1P,L,1,Piston,LP
TVLB,L1P,L,1,Piston,LP
B06T,H2T,L,2,Turboprop/Turboshaft,HEL
HUCO,H1T,L,1,Turboprop/Turboshaft,HEL
SUCO,H2T,M,2,Turboprop/Turboshaft,HEL
B214,H1T,M,1,Turboprop/Turboshaft,HEL
BSTP,H2T,M,2,Turboprop/Turboshaft,HEL
B222,H2T,L,2,Turboprop/Turboshaft,HEL
B230,H2T,L,2,Turboprop/Turboshaft,HEL
B407,H1T,L,1,Turboprop/Turboshaft,HEL
B427,H2T,L,2,Turboprop/Turboshaft,HEL
B429,H2T,L,2,Turboprop/Turboshaft,HEL
B430,H2T,L,2,Turboprop/Turboshaft,HEL
P39,L1P,L,1,Piston,LP
P63,L1P,L,1,Piston,LP
UH1Y,H2T,M,2,Turboprop/Turboshaft,HEL
V280,T2T,M,2,Turboprop/Turboshaft,MT
B505,H1T,L,1,Turboprop/Turboshaft,HEL
B525,H2T,M,2,Turboprop/Turboshaft,HEL
B14C,L1P,L,1,Piston,LP
B14A,L1P,L,1,Piston,LP
DW1,L1P,L,1,Piston,LP
PACE,L1P,L,1,Piston,LP
V22,T2T,M,2,Turboprop/Turboshaft,MT
BER4,A2J,M,2,Jet,MJ
A50,L4J,H,4,Jet,HJ
BER2,A2J,M,2,Jet,MJ
BE12,A2T,M,2,Turboprop/Turboshaft,MT
BE32,L2T,M,2,Turboprop/Turboshaft,MT
B103,A2P,L,2,Piston,LP
SA20,A1P,L,1,Piston,LP
BKUT,L1P,L,1,Piston,LP
SKRA,L1P,L,1,Piston,LP
NNJA,L1P,L,1,Piston,LP
SWAT,L1P,L,1,Piston,LP
BISC,L1P,L,1,Piston,LP
CP30,L1P,L,1,Piston,LP
AS25,L1P,L,1,Piston,LP
EB29,L1P,L,1,Piston,LP
E29E,L1E,L,1,Electric,LE
ETA,L1P,L,1,Piston,LP
MOR2,L1P,L,1,Piston,LP
BU33,L1P,L,1,Piston,LP
SWOR,L1P,L,1,Piston,LP
PRIM,L1P,L,1,Piston,LP
GABR,L1P,L,1,Piston,LP
BW60,L1P,L,1,Piston,LP
BW6T,L1P,L,1,Piston,LP
BL11,L1P,L,1,Piston,LP
EZHV,L1P,L,1,Piston,LP
EZKC,L1P,L,1,Piston,LP
EZFT,L2P,L,2,Piston,LP
ST75,L1P,L,1,Piston,LP
B701,L4J,M,4,Jet,MJ
B703,L4J,H,4,Jet,HJ
B712,L2J,M,2,Jet,MJ
B720,L4J,M,4,Jet,MJ
B721,L3J,M,3,Jet,MJ
R721,L3J,M,3,Jet,MJ
B722,L3J,M,3,Jet,MJ
B78X,L2J,H,2,Jet,HJ
R722,L3J,M,3,Jet,MJ
B732,L2J,M,2,Jet,MJ
B733,L2J,M,2,Jet,MJ
B734,L2J,M,2,Jet,MJ
B735,L2J,M,2,Jet,MJ
B736,L2J,M,2,Jet,MJ
B737,L2J,M,2,Jet,MJ
E737,L2J,M,2,Jet,MJ
B738,L2J,M,2,Jet,MJ
B739,L2J,M,2,Jet,MJ
B741,L4J,H,4,Jet,HJ
B742,L4J,H,4,Jet,HJ
B743,L4J,H,4,Jet,HJ
BLCF,L4J,H,4,Jet,HJ
B74S,L4J,H,4,Jet,HJ
B74R,L4J,H,4,Jet,HJ
B752,L2J,M,2,Jet,MJ
B753,L2J,M,2,Jet,MJ
B762,L2J,H,2,Jet,HJ
B763,L2J,H,2,Jet,HJ
B764,L2J,H,2,Jet,HJ
B772,L2J,H,2,Jet,HJ
B77L,L2J,H,2,Jet,HJ
B773,L2J,H,2,Jet,HJ
B77W,L2J,H,2,Jet,HJ
B788,L2J,H,2,Jet,HJ
B789,L2J,H,2,Jet,HJ
H64,H2T,M,2,Turboprop/Turboshaft,HEL
B17,L4P,M,4,Piston,MP
B29,L4P,M,4,Piston,MP
B52,L8J,H,8,Jet,HJ
C17,L4J,H,4,Jet,HJ
C97,L4P,M,4,Piston,MP
K35R,L4J,H,4,Jet,HJ
C135,L4J,H,4,Jet,HJ
R135,L4J,H,4,Jet,HJ
E3CF,L4J,H,4,Jet,HJ
E3TF,L4J,H,4,Jet,HJ
E6,L4J,H,4,Jet,HJ
E767,L2J,H,2,Jet,HJ
F15,L2J,M,2,Jet,MJ
EXPL,H2T,L,2,Turboprop/Turboshaft,HEL
K35E,L4J,H,4,Jet,HJ
KE3,L4J,H,4,Jet,HJ
DC10,L3J,H,3,Jet,HJ
MD11,L3J,H,3,Jet,HJ
MD81,L2J,M,2,Jet,MJ
MD82,L2J,M,2,Jet,MJ
MD83,L2J,M,2,Jet,MJ
MD87,L2J,M,2,Jet,MJ
MD88,L2J,M,2,Jet,MJ
MD90,L2J,M,2,Jet,MJ
MD52,H1T,L,1,Turboprop/Turboshaft,HEL
MD60,H1T,L,1,Turboprop/Turboshaft,HEL
P8,L2J,M,2,Jet,MJ
B748,L4J,H,4,Jet,HJ
F18S,L2J,M,2,Jet,MJ
B778,L2J,H,2,Jet,HJ
B779,L2J,H,2,Jet,HJ
B37M,L2J,M,2,Jet,MJ
B38M,L2J,M,2,Jet,MJ
B39M,L2J,M,2,Jet,MJ
W135,L4J,H,4,Jet,HJ
YL15,L1P,L,1,Piston,LP
B3XM,L2J,M,2,Jet,MJ
BT7,L1J,M,1,Jet,MJ
B744,L4J,H,4,Jet,HJ
BO40,L1P,L,1,Piston,LP
Q25,L1J,M,1,Jet,MJ
CAT,A2P,M,2,Piston,MP
H46,H2T,M,2,Turboprop/Turboshaft,HEL
MJ7,L1P,L,1,Piston,LP
B60,L1P,L,1,Piston,LP
B105,H2T,L,2,Turboprop/Turboshaft,HEL
B209,L1P,L,1,Piston,LP
KL07,L1P,L,1,Piston,LP
CL60,L2J,M,2,Jet,MJ
CL35,L2J,M,2,Jet,MJ
GLEX,L2J,M,2,Jet,MJ
GL7T,L2J,M,2,Jet,MJ
GL5T,L2J,M,2,Jet,MJ
CRJ7,L2J,M,2,Jet,MJ
DH8C,L2T,M,2,Turboprop/Turboshaft,MT
DH8A,L2T,M,2,Turboprop/Turboshaft,MT
DH8B,L2T,M,2,Turboprop/Turboshaft,MT
DH8D,L2T,M,2,Turboprop/Turboshaft,MT
CL30,L2J,M,2,Jet,MJ
CRJX,L2J,M,2,Jet,MJ
XB1,L3J,L,3,Jet,LJ
KITH,L1P,L,1,Piston,LP
FB1A,L1P,L,1,Piston,LP
FB1B,L1P,L,1,Piston,LP
BBAT,L1P,L,1,Piston,LP
BX2,L1P,L,1,Piston,LP
B305,H1P,L,1,Piston,HEL
BRB2,H1P,L,1,Piston,HEL
HB3,L1P,L,1,Piston,LP
HB21,L1P,L,1,Piston,LP
HB23,L1P,L,1,Piston,LP
H269,H1P,L,1,Piston,HEL
BR14,L1P,L,1,Piston,LP
ALIZ,L1T,M,1,Turboprop/Turboshaft,MT
ATLA,L2T,M,2,Turboprop/Turboshaft,MT
BLEN,L2P,L,2,Piston,LP
SYCA,H1P,L,1,Piston,HEL
BFIT,L1P,L,1,Piston,LP
ATP,L2T,M,2,Turboprop/Turboshaft,MT
H25B,L2J,M,2,Jet,MJ
H25C,L2J,M,2,Jet,MJ
B461,L4J,M,4,Jet,MJ
B462,L4J,M,4,Jet,MJ
B463,L4J,M,4,Jet,MJ
JS31,L2T,L/M,2,Turboprop/Turboshaft,L/MT
JS32,L2T,M,2,Turboprop/Turboshaft,MT
BN2T,L2T,L,2,Turboprop/Turboshaft,LT
NG4,L1P,L,1,Piston,LP
NG5,L1P,L,1,Piston,LP
BR23,L1P,L,1,Piston,LP
B23E,L1E,L,1,Electric,LE
BR8,L1P,L,1,Piston,LP
BULT,L1P,L,1,Piston,LP
OPCA,L1P,L,1,Piston,LP
BR60,L1P,L,1,Piston,LP
BR61,L1P,L,1,Piston,LP
OZZI,L1P,L,1,Piston,LP
BU81,L1P,L,1,Piston,LP
IR27,L1P,L,1,Piston,LP
BARC,L1P,L,1,Piston,LP
BCA3,L1P,L,1,Piston,LP
ZULU,L1P,L,1,Piston,LP
MUS2,L1P,L,1,Piston,LP
MIMU,L1P,L,1,Piston,LP
GOBU,G1P,L,1,Piston,LP
SSC,G1P,L,1,Piston,LP
EF2,L1E,L,1,Electric,LE
CP20,L1P,L,1,Piston,LP
CP13,L1P,L,1,Piston,LP
GY20,L1P,L,1,Piston,LP
GY30,L1P,L,1,Piston,LP
FREE,L1P,L,1,Piston,LP
CHAN,L1P,L,1,Piston,LP
TOXO,L1P,L,1,Piston,LP
CRUZ,L1P,L,1,Piston,LP
AG60,A4T,M,4,Turboprop/Turboshaft,MT
AG10,L1P,L,1,Piston,LP
CLA,L1P,L,1,Piston,LP
SNAD,G1P,L,1,Piston,LP
TNAV,L2P,L,2,Piston,LP
GR51,L1T,L,1,Turboprop/Turboshaft,LT
CAN4,L1P,L,1,Piston,LP
GRIF,L1P,L,1,Piston,LP
CVLT,L2T,M,2,Turboprop/Turboshaft,MT
F104,L1J,M,1,Jet,MJ
CRJ2,L2J,M,2,Jet,MJ
CRJ9,L2J,M,2,Jet,MJ
F86,L1J,M,1,Jet,MJ
T33,L1J,M,1,Jet,MJ
CL41,L1J,L,1,Jet,LJ
CL4G,L4T,M,4,Turboprop/Turboshaft,MT
CL2P,A2P,M,2,Piston,MP
CL2T,A2T,M,2,Turboprop/Turboshaft,MT
CRJ1,L2J,M,2,Jet,MJ
BABY,H1P,L,1,Piston,HEL
CAPL,L1P,L,1,Piston,LP
TRAP,L1P,L,1,Piston,LP
C22J,L2J,L,2,Jet,LJ
CYCL,L1P,L,1,Piston,LP
SPR2,L1P,L,1,Piston,LP
PAV4,G1P,L,1,Piston,LP
H111,L2P,M,2,Piston,MP
S223,L1P,L,1,Piston,LP
JU52,L3P,M,3,Piston,MP
C101,L1J,L,1,Jet,LJ
BK17,H2T,L,2,Turboprop/Turboshaft,HEL
DO27,L1P,L,1,Piston,LP
SATA,L2J,L,2,Jet,LJ
PILL,L1P,L,1,Piston,LP
CASS,L1P,L,1,Piston,LP
LMK1,L1P,L,1,Piston,LP
C270,L1P,L,1,Piston,LP
JN76,L1P,L,1,Piston,LP
CG3,L1P,L,1,Piston,LP
T6,L1P,L,1,Piston,LP
NORS,L1P,L,1,Piston,LP
C309,L1P,L,1,Piston,LP
C311,L1P,L,1,Piston,LP
C306,L1P,L,1,Piston,LP
CEGL,L1P,L,1,Piston,LP
DR22,L1P,L,1,Piston,LP
DR10,L1P,L,1,Piston,LP
D250,L1P,L,1,Piston,LP
DR30,L1P,L,1,Piston,LP
D253,L1P,L,1,Piston,LP
JS3,L2T,L,2,Turboprop/Turboshaft,LT
CE43,L1P,L,1,Piston,LP
C120,L1P,L,1,Piston,LP
C140,L1P,L,1,Piston,LP
C170,L1P,L,1,Piston,LP
C175,L1P,L,1,Piston,LP
C177,L1P,L,1,Piston,LP
C180,L1P,L,1,Piston,LP
C162,L1P,L,1,Piston,LP
C190,L1P,L,1,Piston,LP
C195,L1P,L,1,Piston,LP
C205,L1P,L,1,Piston,LP
C06T,L1T,L,1,Turboprop/Turboshaft,LT
C07T,L1T,L,1,Turboprop/Turboshaft,LT
C207,L1P,L,1,Piston,LP
C208,L1T,L,1,Turboprop/Turboshaft,LT
O1,L1P,L,1,Piston,LP
T37,L2J,L,2,Jet,LJ
A37,L2J,L,2,Jet,LJ
C320,L2P,L,2,Piston,LP
C335,L2P,L,2,Piston,LP
C336,L2P,L,2,Piston,LP
C04T,L2T,L,2,Turboprop/Turboshaft,LT
C404,L2P,L,2,Piston,LP
C411,L2P,L,2,Piston,LP
C421,L2P,L,2,Piston,LP
C425,L2T,L,2,Turboprop/Turboshaft,LT
C441,L2T,L,2,Turboprop/Turboshaft,LT
C500,L2J,L,2,Jet,LJ
C501,L2J,L,2,Jet,LJ
C510,L2J,L,2,Jet,LJ
C525,L2J,L,2,Jet,LJ
C25A,L2J,L,2,Jet,LJ
C25B,L2J,L,2,Jet,LJ
C25C,L2J,M,2,Jet,MJ
C550,L2J,L,2,Jet,LJ
C551,L2J,L,2,Jet,LJ
C560,L2J,M,2,Jet,MJ
C55B,L2J,L,2,Jet,LJ
C56X,L2J,M,2,Jet,MJ
C650,L2J,M,2,Jet,MJ
C680,L2J,M,2,Jet,MJ
C750,L2J,M,2,Jet,MJ
CMAS,L1P,L,1,Piston,LP
T50,L2P,L,2,Piston,LP
CAW,L1P,L,1,Piston,LP
F406,L2T,L,2,Turboprop/Turboshaft,LT
T206,L1P,L,1,Piston,LP
C82S,L1P,L,1,Piston,LP
P337,L2P,L,2,Piston,LP
CDC6,L1P,L,1,Piston,LP
CNGP,L1P,L,1,Piston,LP
C82T,L1P,L,1,Piston,LP
C68A,L2J,M,2,Jet,MJ
COL4,L1P,L,1,Piston,LP
COL3,L1P,L,1,Piston,LP
C25M,L2J,L,2,Jet,LJ
T210,L1P,L,1,Piston,LP
C408,L2T,M,2,Turboprop/Turboshaft,MT
C240,L1P,L,1,Piston,LP
E350,L1T,L,1,Turboprop/Turboshaft,LT
C700,L2J,M,2,Jet,MJ
E530,L2J,M,2,Jet,MJ
DT45,L1T,L,1,Turboprop/Turboshaft,LT
STST,L1P,L,1,Piston,LP
L4,A2P,L,2,Piston,LP
JRC1,L1P,L,1,Piston,LP
CH40,L2P,L,2,Piston,LP
CORS,L1P,M,1,Piston,MP
F8,L1J,M,1,Jet,MJ
WZ10,H2T,L,2,Turboprop/Turboshaft,HEL
LMC1,L1P,L,1,Piston,LP
YC12,L1P,L,1,Piston,LP
CHSY,G1P,L,1,Piston,LP
J10,L1J,M,1,Jet,MJ
FC1,L1J,M,1,Jet,MJ
MG17,L1J,L,1,Jet,LJ
J20,L2J,M,2,Jet,MJ
CE15,S1P,L,1,Piston,LP
CE23,A1P,L,1,Piston,LP
CE25,A2P,L,2,Piston,LP
CE27,A2P,L,2,Piston,LP
CDW1,L1P,L,1,Piston,LP
P28T,L1P,L,1,Piston,LP
PA27,L2P,L,2,Piston,LP
PAY1,L2T,L,2,Turboprop/Turboshaft,LT
PA25,L1P,L,1,Piston,LP
MCOU,L1P,L,1,Piston,LP
CH3,L1P,L,1,Piston,LP
SNGY,L1P,L,1,Piston,LP
CH12,H1P,L,1,Piston,HEL
CH14,H1T,L,1,Turboprop/Turboshaft,HEL
CN12,L1P,L,1,Piston,LP
SR20,L1P,L,1,Piston,LP
SR22,L1P,L,1,Piston,LP
S22T,L1P,L,1,Piston,LP
SF50,L1J,L,1,Jet,LJ
VK3T,L1T,L,1,Turboprop/Turboshaft,LT
VK3P,L1P,L,1,Piston,LP
CAD4,L1P,L,1,Piston,LP
CAD2,L1P,L,1,Piston,LP
WACF,L1P,L,1,Piston,LP
T18,L1P,L,1,Piston,LP
CD2,A2T,L,2,Turboprop/Turboshaft,LT
ES13,L1P,L,1,Piston,LP
CO50,L1P,L,1,Piston,LP
COAR,L1P,L,1,Piston,LP
DIPR,A1P,L,1,Piston,LP
MCR1,L1P,L,1,Piston,LP
MC10,L2P,L,2,Piston,LP
SKIM,A1P,L,1,Piston,LP
CFRE,A1P,L,1,Piston,LP
CGAN,S1P,L,1,Piston,LP
CMA3,L1P,L,1,Piston,LP
AJ27,L2J,M,2,Jet,MJ
C919,L2J,M,2,Jet,MJ
AC11,L1P,L,1,Piston,LP
CA19,L1P,L,1,Piston,LP
WIRR,L1P,L,1,Piston,LP
P51,L1P,L,1,Piston,LP
CA25,L1P,L,1,Piston,LP
SKYR,L1P,L,1,Piston,LP
CA12,L1T,L,1,Turboprop/Turboshaft,LT
CA9,L1T,L,1,Turboprop/Turboshaft,LT
VIVA,L1P,L,1,Piston,LP
F27,L2T,M,2,Turboprop/Turboshaft,MT
S2P,L2P,M,2,Piston,MP
S2T,L2T,M,2,Turboprop/Turboshaft,MT
B24,L4P,M,4,Piston,MP
ELTO,H1P,L,1,Piston,HEL
VALI,L1P,L,1,Piston,LP
CVLP,L2P,M,2,Piston,MP
F106,L1J,M,1,Jet,MJ
L13,L1P,L,1,Piston,LP
P4Y,L4P,M,4,Piston,MP
CJ1,L1P,L,1,Piston,LP
CORO,L1P,L,1,Piston,LP
CA41,L1P,L,1,Piston,LP
FUSI,L1P,L,1,Piston,LP
JC01,L1P,L,1,Piston,LP
JC02,L1P,L,1,Piston,LP
COZJ,L1J,L,1,Jet,LJ
DRAG,H1P,L,1,Piston,HEL
CAT1,L1P,L,1,Piston,LP
CAT2,L2P,L,2,Piston,LP
EC6,L1P,L,1,Piston,LP
MRMD,A1P,L,1,Piston,LP
PROT,L1P,L,1,Piston,LP
PO2,L1P,L,1,Piston,LP
EAGX,L1P,L,1,Piston,LP
CC19,L1P,L,1,Piston,LP
CC11,L1P,L,1,Piston,LP
MOCU,L1P,L,1,Piston,LP
CPUP,L1P,L,1,Piston,LP
CULP,L1P,L,1,Piston,LP
CUCA,L1P,L,1,Piston,LP
CULV,L1P,L,1,Piston,LP
ZEFR,H1T,L,1,Turboprop/Turboshaft,HEL
C46,L2P,M,2,Piston,MP
P40,L1P,L,1,Piston,LP
CRBN,L1P,L,1,Piston,LP
NST6,L1P,L,1,Piston,LP
BSTR,L1P,L,1,Piston,LP
LSTR,L1P,L,1,Piston,LP
NSTR,L1P,L,1,Piston,LP
CA61,L1P,L,1,Piston,LP
CA65,L1P,L,1,Piston,LP
UL39,L1P,L,1,Piston,LP
CH80,L1P,L,1,Piston,LP
RNGR,L1P,L,1,Piston,LP
KT1,L1T,L,1,Turboprop/Turboshaft,LT
TBM9,L1T,L,1,Turboprop/Turboshaft,LT
K100,L1T,L,1,Turboprop/Turboshaft,LT
K900,L1T,L,1,Turboprop/Turboshaft,LT
DAL4,L1P,L,1,Piston,LP
DAL5,L1P,L,1,Piston,LP
SNAP,L1P,L,1,Piston,LP
DFL6,L1P,L,1,Piston,LP
D201,L1P,L,1,Piston,LP
SRAS,L1P,L,1,Piston,LP
MIR2,L1J,M,1,Jet,MJ
MRF1,L1J,M,1,Jet,MJ
MYS4,L1J,M,1,Jet,MJ
FA10,L2J,M,2,Jet,MJ
FA20,L2J,M,2,Jet,MJ
FA50,L3J,M,3,Jet,MJ
F900,L3J,M,3,Jet,MJ
RFAL,L2J,M,2,Jet,MJ
ETAR,L1J,M,1,Jet,MJ
SMB2,L1J,M,1,Jet,MJ
FA7X,L3J,M,3,Jet,MJ
F2TH,L2J,M,2,Jet,MJ
FLAM,L2P,L,2,Piston,LP
FA8X,L3J,M,3,Jet,MJ
FA6X,L2J,M,2,Jet,MJ
MD3,L1P,L,1,Piston,LP
DA2,L1P,L,1,Piston,LP
DA5,L1P,L,1,Piston,LP
DHC1,L1P,L,1,Piston,LP
DH88,L2P,L,2,Piston,LP
DOVE,L2P,L,2,Piston,LP
DH60,L1P,L,1,Piston,LP
DH80,L1P,L,1,Piston,LP
DH82,L1P,L,1,Piston,LP
DH83,L1P,L,1,Piston,LP
DH85,L1P,L,1,Piston,LP
DH87,L1P,L,1,Piston,LP
DH89,L2P,L,2,Piston,LP
DH90,L2P,L,2,Piston,LP
DH94,L1P,L,1,Piston,LP
MOSQ,L2P,M,2,Piston,MP
VAMP,L1J,L,1,Jet,LJ
VNOM,L1J,M,1,Jet,MJ
HERN,L4P,L,4,Piston,LP
DH84,L2P,L,2,Piston,LP
DHA3,L3P,L,3,Piston,LP
DHC5,L2T,M,2,Turboprop/Turboshaft,MT
DHC4,L2P,M,2,Piston,MP
DHC6,L2T,L,2,Turboprop/Turboshaft,LT
DHC7,L4T,M,4,Turboprop/Turboshaft,MT
DH2T,L1T,L,1,Turboprop/Turboshaft,LT
DH3T,L1T,L,1,Turboprop/Turboshaft,LT
DH4T,L2T,M,2,Turboprop/Turboshaft,MT
SB91,L1P,L,1,Piston,LP
WBOO,L1P,L,1,Piston,LP
COBR,L1P,L,1,Piston,LP
RD20,L1P,L,1,Piston,LP
FOX,L1P,L,1,Piston,LP
D1,L2P,L,2,Piston,LP
DWD2,L1P,L,1,Piston,LP
DG80,L1P,L,1,Piston,LP
DG1T,L1P,L,1,Piston,LP
LS10,L1P,L,1,Piston,LP
LS8,L1P,L,1,Piston,LP
DA36,L1E,L,1,Electric,LE
DA40,L1P,L,1,Piston,LP
DA42,L2P,L,2,Piston,LP
DJET,L1J,L,1,Jet,LJ
DA50,L1P,L,1,Piston,LP
DA62,L2P,L,2,Piston,LP
DV20,L1P,L,1,Piston,LP
DIMO,L1P,L,1,Piston,LP
ERAC,L1P,L,1,Piston,LP
DIJ3,L1P,L,1,Piston,LP
DIJ4,A1P,L,1,Piston,LP
IA46,L1P,L,1,Piston,LP
IA51,L1P,L,1,Piston,LP
MS76,L2J,L,2,Jet,LJ
ALTO,L1P,L,1,Piston,LP
XL2,L1P,L,1,Piston,LP
UF13,L1P,L,1,Piston,LP
D139,L1P,L,1,Piston,LP
SRAY,A1P,L,1,Piston,LP
D328,L2T,M,2,Turboprop/Turboshaft,MT
D28D,L2P,L,2,Piston,LP
D28T,L2T,L,2,Turboprop/Turboshaft,LT
D228,L2T,L,2,Turboprop/Turboshaft,LT
DO28,L2P,L,2,Piston,LP
A3,L2J,M,2,Jet,MJ
A4,L1J,M,1,Jet,MJ
A20,L2P,M,2,Piston,MP
SBD,L1P,L,1,Piston,LP
B26,L2P,M,2,Piston,MP
DC3,L2P,M,2,Piston,MP
A1,L1P,M,1,Piston,MP
B23,L2P,M,2,Piston,MP
DC4,L4P,M,4,Piston,MP
DC3S,L2P,M,2,Piston,MP
DC6,L4P,M,4,Piston,MP
DC2,L2P,M,2,Piston,MP
DC7,L4P,M,4,Piston,MP
DC85,L4J,H,4,Jet,HJ
DC86,L4J,H,4,Jet,HJ
DC87,L4J,H,4,Jet,HJ
DC91,L2J,M,2,Jet,MJ
DC92,L2J,M,2,Jet,MJ
DC93,L2J,M,2,Jet,MJ
DC94,L2J,M,2,Jet,MJ
DC95,L2J,M,2,Jet,MJ
DV2,L1P,L,1,Piston,LP
DV1,L1P,L,1,Piston,LP
B14B,L1P,L,1,Piston,LP
TNDR,L1P,L,1,Piston,LP
DSLK,L1P,L,1,Piston,LP
D6CR,L1P,L,1,Piston,LP
D5TU,L1P,L,1,Piston,LP
D31,L1P,L,1,Piston,LP
JRO,G1P,L,1,Piston,LP
DUB2,L1P,L,1,Piston,LP
DUR5,L1P,L,1,Piston,LP
RD03,L1P,L,1,Piston,LP
JD2,L1P,L,1,Piston,LP
CR10,L1P,L,1,Piston,LP
MCR4,L1P,L,1,Piston,LP
MCRR,L1P,L,1,Piston,LP
TWIR,L2P,L,2,Piston,LP
DYH2,H1P,L,1,Piston,HEL
SBM3,L1P,L,1,Piston,LP
E7BH,L1P,L,1,Piston,LP
BIPL,L1P,L,1,Piston,LP
MAGC,L1P,L,1,Piston,LP
EA50,L2J,L,2,Jet,LJ
EA40,L1J,L,1,Jet,LJ
EP9,L1P,L,1,Piston,LP
VR20,L1P,L,1,Piston,LP
JE2,G1P,L,1,Piston,LP
PK20,L1P,L,1,Piston,LP
JK05,L1P,L,1,Piston,LP
KR30,L1P,L,1,Piston,LP
C365,L1T,L,1,Turboprop/Turboshaft,LT
ELA7,G1P,L,1,Piston,LP
EL10,G1P,L,1,Piston,LP
HRM9,L1P,L,1,Piston,LP
NXTE,L1E,L,1,Electric,LE
ELTR,L1P,L,1,Piston,LP
EL20,L1P,L,1,Piston,LP
SIGM,L1P,L,1,Piston,LP
LXR,L1P,L,1,Piston,LP
GDUK,A2P,L,2,Piston,LP
CHR1,L1P,L,1,Piston,LP
CHR4,L1P,L,1,Piston,LP
MA1,L1P,L,1,Piston,LP
E170,L2J,M,2,Jet,MJ
E190,L2J,M,2,Jet,MJ
E314,L1T,L,1,Turboprop/Turboshaft,LT
E110,L2T,L,2,Turboprop/Turboshaft,LT
E120,L2T,M,2,Turboprop/Turboshaft,MT
E145,L2J,M,2,Jet,MJ
E121,L2T,L,2,Turboprop/Turboshaft,LT
E45X,L2J,M,2,Jet,MJ
IPAN,L1P,L,1,Piston,LP
E545,L2J,M,2,Jet,MJ
E50P,L2J,L,2,Jet,LJ
E135,L2J,M,2,Jet,MJ
E550,L2J,M,2,Jet,MJ
E75S,L2J,M,2,Jet,MJ
E75L,L2J,M,2,Jet,MJ
E55P,L2J,M,2,Jet,MJ
E35L,L2J,M,2,Jet,MJ
E195,L2J,M,2,Jet,MJ
E390,L2J,M,2,Jet,MJ
E290,L2J,M,2,Jet,MJ
E295,L2J,M,2,Jet,MJ
E275,L2J,M,2,Jet,MJ
SJ30,L2J,L,2,Jet,LJ
TPIL,L1T,L,1,Turboprop/Turboshaft,LT
NMCU,L1P,L,1,Piston,LP
EN28,H1P,L,1,Piston,HEL
EN48,H1T,L,1,Turboprop/Turboshaft,HEL
EPER,L1P,L,1,Piston,LP
EPX1,L1P,L,1,Piston,LP
CP32,L1P,L,1,Piston,LP
X3,H2T,L,2,Turboprop/Turboshaft,HEL
SR01,L1P,L,1,Piston,LP
FB5,L1P,L,1,Piston,LP
FLSH,L1P,L,1,Piston,LP
ATTL,L1P,L,1,Piston,LP
EUPA,L1P,L,1,Piston,LP
PICO,L1P,L,1,Piston,LP
EVAN,L2P,L,2,Piston,LP
VP2,L1P,L,1,Piston,LP
EVSS,L1P,L,1,Piston,LP
VUT1,L1P,L,1,Piston,LP
EV97,L1P,L,1,Piston,LP
EV55,L2T,L,2,Turboprop/Turboshaft,LT
ELPS,L1P,L,1,Piston,LP
EXPR,L1P,L,1,Piston,LP
E200,L1P,L,1,Piston,LP
E230,L1P,L,1,Piston,LP
E300,L1P,L,1,Piston,LP
E400,L1P,L,1,Piston,LP
E500,L1T,L,1,Turboprop/Turboshaft,LT
EXNG,L1P,L,1,Piston,LP
A10,L2J,M,2,Jet,MJ
FA24,L1P,L,1,Piston,LP
SW4,L2T,L/M,2,Turboprop/Turboshaft,L/MT
C82,L2P,M,2,Piston,MP
C119,L2P,M,2,Piston,MP
C123,L2P,M,2,Piston,MP
FA62,L1P,L,1,Piston,LP
SW3,L2T,L,2,Turboprop/Turboshaft,LT
FH11,H1T,L,1,Turboprop/Turboshaft,HEL
PC6T,L1T,L,1,Turboprop/Turboshaft,LT
KR34,L1P,L,1,Piston,LP
KR31,L1P,L,1,Piston,LP
KR21,L1P,L,1,Piston,LP
FA11,L1P,L,1,Piston,LP
UH12,H1P,L,1,Piston,HEL
FFLY,L1P,L,1,Piston,LP
GANT,LCT,M,C,Turboprop/Turboshaft,MT
FJR3,L1P,L,1,Piston,LP
LN27,L1P,L,1,Piston,LP
F402,L1T,L,1,Turboprop/Turboshaft,LT
F421,L1T,L,1,Turboprop/Turboshaft,LT
MAJR,L1P,L,1,Piston,LP
HM38,L1P,L,1,Piston,LP
FS51,L1P,L,1,Piston,LP
K209,H1T,L,1,Turboprop/Turboshaft,HEL
ALGR,L1P,L,1,Piston,LP
FG01,L1P,L,1,Piston,LP
KEST,L1T,L,1,Turboprop/Turboshaft,LT
AC10,G1P,L,1,Piston,LP
TR26,L1P,L,1,Piston,LP
TR20,L1P,L,1,Piston,LP
AS02,L1P,L,1,Piston,LP
AS2T,L1T,L,1,Turboprop/Turboshaft,LT
EURT,L1P,L,1,Piston,LP
SC01,L1P,L,1,Piston,LP
G46,L1P,L,1,Piston,LP
G59,L1P,L,1,Piston,LP
G91,L1J,L,1,Jet,LJ
F156,L1P,L,1,Piston,LP
FE51,L1P,L,1,Piston,LP
FIKD,L1P,L,1,Piston,LP
FIKE,L1P,L,1,Piston,LP
FLCO,L1P,L,1,Piston,LP
CLBR,L1P,L,1,Piston,LP
DAKH,L1P,L,1,Piston,LP
HORZ,L1P,L,1,Piston,LP
TMOT,L1P,L,1,Piston,LP
CULX,L2P,L,2,Piston,LP
SCTR,L1P,L,1,Piston,LP
FA01,L1P,L,1,Piston,LP
FA02,L1P,L,1,Piston,LP
FA03,L1P,L,1,Piston,LP
FA04,L1P,L,1,Piston,LP
LAR1,L1J,L,1,Jet,LJ
FLE2,L1P,L,1,Piston,LP
FLE7,L1P,L,1,Piston,LP
FINC,L1P,L,1,Piston,LP
FORT,L1P,L,1,Piston,LP
CNUK,L1P,L,1,Piston,LP
FWSB,A1P,L,1,Piston,LP
FDCT,L1P,L,1,Piston,LP
FDMC,L1P,L,1,Piston,LP
FDF2,L1P,L,1,Piston,LP
FD2E,L1E,L,1,Electric,LE
KL10,L1P,L,1,Piston,LP
PL12,L1P,L,1,Piston,LP
FLIZ,L1P,L,1,Piston,LP
SAH1,L1P,L,1,Piston,LP
KRIC,L1P,L,1,Piston,LP
FW90,L1P,L,1,Piston,LP
STCH,L1P,L,1,Piston,LP
TEXA,L1P,L,1,Piston,LP
WLBY,L1P,L,1,Piston,LP
SYNC,L1P,L,1,Piston,LP
CTLN,A1P,L,1,Piston,LP
FLSS,L1P,L,1,Piston,LP
PELI,L1P,L,1,Piston,LP
LN3,A1P,L,1,Piston,LP
TUCR,L1P,L,1,Piston,LP
TUCT,L1T,L,1,Turboprop/Turboshaft,LT
FM25,L1P,L,1,Piston,LP
MD3R,L1P,L,1,Piston,LP
FW02,A1P,L,1,Piston,LP
EBOY,L1P,L,1,Piston,LP
FW44,L1P,L,1,Piston,LP
IA58,L2T,L,2,Turboprop/Turboshaft,LT
IA63,L1J,L,1,Jet,LJ
QALT,L1P,L,1,Piston,LP
P149,L1P,L,1,Piston,LP
F50,L2T,M,2,Turboprop/Turboshaft,MT
F60,L2T,M,2,Turboprop/Turboshaft,MT
F70,L2J,M,2,Jet,MJ
F100,L2J,M,2,Jet,MJ
D7,L1P,L,1,Piston,LP
D8,L1P,L,1,Piston,LP
DR1,L1P,L,1,Piston,LP
F16,L1J,M,1,Jet,MJ
F28,L2J,M,2,Jet,MJ
S11,L1P,L,1,Piston,LP
SUNV,L1P,L,1,Piston,LP
D21,L1P,L,1,Piston,LP
GNAT,L1J,L,1,Jet,LJ
TRIM,L3P,L,3,Piston,LP
CENT,L1P,L,1,Piston,LP
FBA2,L1P,L,1,Piston,LP
FW21,L1P,L,1,Piston,LP
RF6,L1P,L,1,Piston,LP
TERR,L1P,L,1,Piston,LP
G73T,A2T,L,2,Turboprop/Turboshaft,LT
PHNX,L1P,L,1,Piston,LP
SHAK,A1P,L,1,Piston,LP
FRON,L1P,L,1,Piston,LP
VF2,L1P,L,1,Piston,LP
SUBA,L1P,L,1,Piston,LP
RC70,L2P,L,2,Piston,LP
KM2,L1P,L,1,Piston,LP
T5,L1T,L,1,Turboprop/Turboshaft,LT
T1,L1J,L,1,Jet,LJ
T7,L1T,L,1,Turboprop/Turboshaft,LT
G1,L1P,L,1,Piston,LP
NOMA,L2T,L,2,Turboprop/Turboshaft,LT
GB1,L1P,L,1,Piston,LP
G44,A2P,L,2,Piston,LP
GY10,L1P,L,1,Piston,LP
GY80,L1P,L,1,Piston,LP
MEL2,L1P,L,1,Piston,LP
AG02,L1P,L,1,Piston,LP
LJ24,L2J,L,2,Jet,LJ
LJ25,L2J,L,2,Jet,LJ
LJ28,L2J,L,2,Jet,LJ
LJ31,L2J,M,2,Jet,MJ
LJ35,L2J,M,2,Jet,MJ
LJ55,L2J,M,2,Jet,MJ
G180,L1P,L,1,Piston,LP
Q1,L1P,L,1,Piston,LP
Q9,L1T,L,1,Turboprop/Turboshaft,LT
ARON,L1P,L,1,Piston,LP
CNDR,L2T,L,2,Turboprop/Turboshaft,LT
PEGA,L2P,L,2,Piston,LP
PINO,L1P,L,1,Piston,LP
TBM,L1P,M,1,Piston,MP
WCAT,L1P,L,1,Piston,LP
GPRO,L1P,L,1,Piston,LP
M308,L1P,L,1,Piston,LP
GA10,L1T,L,1,Turboprop/Turboshaft,LT
GA8,L1P,L,1,Piston,LP
GA20,L1P,L,1,Piston,LP
GLST,L1P,L,1,Piston,LP
GLAS,L1P,L,1,Piston,LP
DG40,L1P,L,1,Piston,LP
DG50,L1P,L,1,Piston,LP
DG60,L1P,L,1,Piston,LP
SG70,L1P,L,1,Piston,LP
SQ2T,L1P,L,1,Piston,LP
GC1,L1P,L,1,Piston,LP
GAUN,L1P,L,1,Piston,LP
GLAD,L1P,L,1,Piston,LP
PRET,L1P,L,1,Piston,LP
GOTR,L1P,L,1,Piston,LP
F30,L1P,L,1,Piston,LP
TBR3,L1P,L,1,Piston,LP
SPST,L1P,L,1,Piston,LP
G2T1,L1P,L,1,Piston,LP
SRAI,L1P,L,1,Piston,LP
CAMP,L1P,L,1,Piston,LP
LION,L1P,L,1,Piston,LP
GRFN,L1P,L,1,Piston,LP
G15T,L1P,L,1,Piston,LP
G115,L1P,L,1,Piston,LP
EGRT,L1T,L,1,Turboprop/Turboshaft,LT
G103,L1P,L,1,Piston,LP
G109,L1P,L,1,Piston,LP
G120,L1P,L,1,Piston,LP
G140,L1T,L,1,Turboprop/Turboshaft,LT
G160,L1T,L,1,Turboprop/Turboshaft,LT
GSPN,L2J,L,2,Jet,LJ
GF20,L1P,L,1,Piston,LP
G12T,L1T,L,1,Turboprop/Turboshaft,LT
HAW3,G1P,L,1,Piston,LP
HW4P,G1P,L,1,Piston,LP
HW4T,G1T,L,1,Turboprop/Turboshaft,LT
REV6,G1T,L,1,Turboprop/Turboshaft,LT
TRAL,L1P,L,1,Piston,LP
G70,L1P,L,1,Piston,LP
EAEA,L1P,L,1,Piston,LP
WHIS,L1P,L,1,Piston,LP
A6,L2J,M,2,Jet,MJ
G159,L2T,M,2,Turboprop/Turboshaft,MT
U16,A2P,M,2,Piston,MP
V1,L2T,M,2,Turboprop/Turboshaft,MT
BCAT,L1P,L,1,Piston,LP
G96,L2P,M,2,Piston,MP
C2,L2T,M,2,Turboprop/Turboshaft,MT
GLF2,L2J,M,2,Jet,MJ
E2,L2T,M,2,Turboprop/Turboshaft,MT
F3F,L1P,L,1,Piston,LP
HCAT,L1P,L,1,Piston,LP
TCAT,L2P,M,2,Piston,MP
F9F,L1J,M,1,Jet,MJ
F14,L2J,M,2,Jet,MJ
G21,A2P,L,2,Piston,LP
G73,A2P,L,2,Piston,LP
GA7,L2P,L,2,Piston,LP
P27,L1P,L,1,Piston,LP
G2CA,H1P,L,1,Piston,HEL
MG19,L2J,M,2,Jet,MJ
JL9,L1J,M,1,Jet,MJ
AC90,L2T,L,2,Turboprop/Turboshaft,LT
AC95,L2T,L,2,Turboprop/Turboshaft,LT
GLF3,L2J,M,2,Jet,MJ
GLF4,L2J,M,2,Jet,MJ
GLF5,L2J,M,2,Jet,MJ
GLF6,L2J,M,2,Jet,MJ
ASTR,L2J,M,2,Jet,MJ
G150,L2J,M,2,Jet,MJ
GALX,L2J,M,2,Jet,MJ
G250,L2J,M,2,Jet,MJ
G280,L2J,M,2,Jet,MJ
GA5C,L2J,M,2,Jet,MJ
GA6C,L2J,M,2,Jet,MJ
GA7C,L2J,M,2,Jet,MJ
GA4C,L2J,M,2,Jet,MJ
GA8C,L2J,M,2,Jet,MJ
HLD4,L1P,L,1,Piston,LP
AG1,G1P,L,1,Piston,LP
AFOX,L1P,L,1,Piston,LP
SAFF,L1P,L,1,Piston,LP
T28,L1P,L,1,Piston,LP
SF2,L1P,L,1,Piston,LP
IL28,L2J,M,2,Jet,MJ
Y12,L2T,L,2,Turboprop/Turboshaft,LT
SH5,S4T,M,4,Turboprop/Turboshaft,MT
MI4,H1P,L,1,Piston,HEL
Y11,L2P,L,2,Piston,LP
Y12F,L2T,M,2,Turboprop/Turboshaft,MT
MRAM,L1P,L,1,Piston,LP
HROC,L1P,L,1,Piston,LP
LS2,L1P,L,1,Piston,LP
CB1,L1P,L,1,Piston,LP
CYGT,L1P,L,1,Piston,LP
FURY,L1P,L,1,Piston,LP
HIND,L1P,L,1,Piston,LP
HUNT,L1J,M,1,Jet,MJ
HURI,L1P,L,1,Piston,LP
PRM1,L2J,L,2,Jet,LJ
HA4T,L2J,M,2,Jet,MJ
PC9,L1T,L,1,Turboprop/Turboshaft,LT
BUC,L2J,M,2,Jet,MJ
H25A,L2J,M,2,Jet,MJ
H202,L1P,L,1,Piston,LP
H207,L1P,L,1,Piston,LP
H204,L1P,L,1,Piston,LP
CH20,L1P,L,1,Piston,LP
COMU,H1P,L,1,Piston,HEL
STLN,L1T,L,1,Turboprop/Turboshaft,LT
COUR,L1P,L,1,Piston,LP
TCOU,L2P,L,2,Piston,LP
CH7,H1P,L,1,Piston,HEL
HX2,H1T,L,1,Turboprop/Turboshaft,HEL
S278,H1T,L,1,Turboprop/Turboshaft,HEL
S285,H1T,L,1,Turboprop/Turboshaft,HEL
HF20,L2J,M,2,Jet,MJ
SHOR,L1P,L,1,Piston,LP
RMOU,H1T,L,1,Turboprop/Turboshaft,HEL
H12T,H1T,L,1,Turboprop/Turboshaft,HEL
ALH,H2T,L,2,Turboprop/Turboshaft,HEL
MG23,L1J,M,1,Jet,MJ
HA31,L1P,L,1,Piston,LP
HT32,L1P,L,1,Piston,LP
HT16,L1J,L,1,Jet,LJ
HT36,L1J,L,1,Jet,LJ
HT2,L1P,L,1,Piston,LP
HT34,L1T,L,1,Turboprop/Turboshaft,LT
JAGR,L2J,M,2,Jet,MJ
SU27,L2J,M,2,Jet,MJ
LCH,H2T,L,2,Turboprop/Turboshaft,HEL
HT40,L1T,L,1,Turboprop/Turboshaft,LT
HI27,L1P,L,1,Piston,LP
ME09,L1P,L,1,Piston,LP
H40,L1P,L,1,Piston,LP
PGEE,L1P,L,1,Piston,LP
HA2,G1P,L,1,Piston,LP
HDJT,L2J,L,2,Jet,LJ
Q5,L2J,M,2,Jet,MJ
CJ6,L1P,L,1,Piston,LP
K8,L1J,L,1,Jet,LJ
N5,L1P,L,1,Piston,LP
L15,L2J,M,2,Jet,MJ
BBIR,L1P,L,1,Piston,LP
DG15,L1P,L,1,Piston,LP
L18,L2P,M,2,Piston,MP
L37,L2P,M,2,Piston,MP
LWIN,L1P,L,1,Piston,LP
LW20,L1P,L,1,Piston,LP
PRPR,L1P,L,1,Piston,LP
PRBR,L1P,L,1,Piston,LP
PRBP,L1P,L,1,Piston,LP
LW40,L1P,L,1,Piston,LP
TTRS,L1P,L,1,Piston,LP
MOTO,L1P,L,1,Piston,LP
HUML,L1P,L,1,Piston,LP
PPRO,L1P,L,1,Piston,LP
PEMB,L2P,L,2,Piston,LP
HD34,L2P,M,2,Piston,MP
EXEC,H1P,L,1,Piston,HEL
CICA,L2P,L,2,Piston,LP
ARVA,L2T,L,2,Turboprop/Turboshaft,LT
WW23,L2J,M,2,Jet,MJ
WW24,L2J,M,2,Jet,MJ
F4,L2J,M,2,Jet,MJ
KFIR,L1J,M,1,Jet,MJ
HRON,L1P,L,1,Piston,LP
I66,L1P,L,1,Piston,LP
IR46,L1P,L,1,Piston,LP
IS28,L1P,L,1,Piston,LP
GMGC,L1P,L,1,Piston,LP
URRA,L1P,L,1,Piston,LP
IR25,L1T,L,1,Turboprop/Turboshaft,LT
IR22,L1P,L,1,Piston,LP
IR31,L1P,L,1,Piston,LP
IR28,L1P,L,1,Piston,LP
K126,H1T,L,1,Turboprop/Turboshaft,HEL
IR21,L1P,L,1,Piston,LP
IR23,L1P,L,1,Piston,LP
IR24,L1P,L,1,Piston,LP
A5,A1P,L,1,Piston,LP
VNTR,L1P,L,1,Piston,LP
SA2,L1P,L,1,Piston,LP
HPTR,A1P,L,1,Piston,LP
GENI,L1E,L,1,Electric,LE
SKAR,L1P,L,1,Piston,LP
SPAR,L1P,L,1,Piston,LP
AI10,L1P,L,1,Piston,LP
C42,L1P,L,1,Piston,LP
IL18,L4T,M,4,Turboprop/Turboshaft,MT
IL76,L4J,H,4,Jet,HJ
IL38,L4T,M,4,Turboprop/Turboshaft,MT
IL62,L4J,H,4,Jet,HJ
IL86,L4J,H,4,Jet,HJ
IL96,L4J,H,4,Jet,HJ
I103,L1P,L,1,Piston,LP
I114,L2T,M,2,Turboprop/Turboshaft,MT
I112,L2T,M,2,Turboprop/Turboshaft,MT
IMPU,L1P,L,1,Piston,LP
JB1,A1P,L,1,Piston,LP
GSIS,L1P,L,1,Piston,LP
SQES,L2P,L,2,Piston,LP
FX1,L1P,L,1,Piston,LP
INCQ,L1P,L,1,Piston,LP
INEC,L1P,L,1,Piston,LP
INEX,L1P,L,1,Piston,LP
I22,L1J,M,1,Jet,MJ
I23,L1P,L,1,Piston,LP
IS2,H1P,L,1,Piston,HEL
I3,L1P,L,1,Piston,LP
SBOY,L1P,L,1,Piston,LP
GM17,L1T,L,1,Turboprop/Turboshaft,LT
ION,L1P,L,1,Piston,LP
IP26,L1P,L,1,Piston,LP
IP06,L1P,L,1,Piston,LP
IP6A,L1P,L,1,Piston,LP
IP10,L1P,L,1,Piston,LP
SURU,L1P,L,1,Piston,LP
S274,H1T,L,1,Turboprop/Turboshaft,HEL
TZRV,L1J,L,1,Jet,LJ
F5SA,L2J,M,2,Jet,MJ
MC23,L2J,M,2,Jet,MJ
A002,G1P,L,1,Piston,LP
IFUR,L1P,L,1,Piston,LP
ISPT,L1P,L,1,Piston,LP
OMGA,L1P,L,1,Piston,LP
APM2,L1P,L,1,Piston,LP
APM3,L1P,L,1,Piston,LP
APM4,L1P,L,1,Piston,LP
EZIK,L1P,L,1,Piston,LP
JAJ6,L1P,L,1,Piston,LP
JAB2,L1P,L,1,Piston,LP
JAB4,L1P,L,1,Piston,LP
JABI,L1P,L,1,Piston,LP
JARO,L1P,L,1,Piston,LP
JAG2,H1T,L,1,Turboprop/Turboshaft,HEL
WICH,L1P,L,1,Piston,LP
P46T,L1T,L,1,Turboprop/Turboshaft,LT
KP2,L1P,L,1,Piston,LP
KP5,L1P,L,1,Piston,LP
GP1,L1P,L,1,Piston,LP
J400,L1P,L,1,Piston,LP
D140,L1P,L,1,Piston,LP
D18,L1P,L,1,Piston,LP
D150,L1P,L,1,Piston,LP
R185,L1P,L,1,Piston,LP
JS1J,L1J,L,1,Jet,LJ
JS2J,L1J,L,1,Jet,LJ
JS2P,L1P,L,1,Piston,LP
JS3J,L1J,L,1,Jet,LJ
JS3E,L1E,L,1,Electric,LE
F13,L1P,L,1,Piston,LP
KAK3,L1P,L,1,Piston,LP
RJ03,L1P,L,1,Piston,LP
MJ8,L1P,L,1,Piston,LP
MJ53,L1P,L,1,Piston,LP
MJ55,L1P,L,1,Piston,LP
MJ3,L1P,L,1,Piston,LP
MJ80,L1P,L,1,Piston,LP
MJ77,L1P,L,1,Piston,LP
MJ90,L1P,L,1,Piston,LP
MJ2,L1P,L,1,Piston,LP
MJ4,L1P,L,1,Piston,LP
MJ5,L1P,L,1,Piston,LP
MJ9,L1P,L,1,Piston,LP
MJ10,L1P,L,1,Piston,LP
MJ12,L1P,L,1,Piston,LP
MJ1H,L1P,L,1,Piston,LP
ESCP,L1P,L,1,Piston,LP
HIGH,L1P,L,1,Piston,LP
SSTL,L1P,L,1,Piston,LP
SA02,L1P,L,1,Piston,LP
SA03,L1P,L,1,Piston,LP
SA04,L1P,L,1,Piston,LP
SA05,L1P,L,1,Piston,LP
MGIC,L1P,L,1,Piston,LP
RK5,L1P,L,1,Piston,LP
H43A,H1P,L,1,Piston,HEL
H43B,H1T,L,1,Turboprop/Turboshaft,HEL
H2,H2T,L,2,Turboprop/Turboshaft,HEL
KMAX,H1T,L,1,Turboprop/Turboshaft,HEL
JUN1,L1P,L,1,Piston,LP
JUN2,L1P,L,1,Piston,LP
KA52,H2T,M,2,Turboprop/Turboshaft,HEL
KA50,H2T,M,2,Turboprop/Turboshaft,HEL
KA25,H2T,M,2,Turboprop/Turboshaft,HEL
KA26,H2P,L,2,Piston,HEL
KA27,H2T,M,2,Turboprop/Turboshaft,HEL
KA62,H2T,L,2,Turboprop/Turboshaft,HEL
K226,H2T,L,2,Turboprop/Turboshaft,HEL
KAFI,L1P,L,1,Piston,LP
KATB,L2P,L,2,Piston,LP
KK60,L1P,L,1,Piston,LP
C1,L2J,M,2,Jet,MJ
P3,L4T,M,4,Turboprop/Turboshaft,MT
KH4,H1P,L,1,Piston,HEL
OH1,H2T,L,2,Turboprop/Turboshaft,HEL
T4,L2J,M,2,Jet,MJ
P1,L4J,M,4,Jet,MJ
KC2,L2J,H,2,Jet,HJ
ANST,H2T,L,2,Turboprop/Turboshaft,HEL
A2RT,H2T,L,2,Turboprop/Turboshaft,HEL
KELA,L1P,L,1,Piston,LP
KELD,L1P,L,1,Piston,LP
KEHA,L1P,L,1,Piston,LP
S76,H2T,L,2,Turboprop/Turboshaft,HEL
T415,L1P,L,1,Piston,LP
KAT3,L1T,L,1,Turboprop/Turboshaft,LT
T419,L1P,L,1,Piston,LP
KAK1,L1P,L,1,Piston,LP
DSK,L1P,L,1,Piston,LP
PTMS,L1P,L,1,Piston,LP
MCUL,L1P,L,1,Piston,LP
BTUB,L1P,L,1,Piston,LP
MOGO,L1P,L,1,Piston,LP
KFAB,L1P,L,1,Piston,LP
KFAS,L1P,L,1,Piston,LP
KL35,L1P,L,1,Piston,LP
KL25,L1P,L,1,Piston,LP
KLBR,L1P,L,1,Piston,LP
KOLL,L1P,L,1,Piston,LP
SH09,H1T,L,1,Turboprop/Turboshaft,HEL
K50,L1J,M,1,Jet,MJ
SURN,H2T,M,2,Turboprop/Turboshaft,HEL
KF21,L2J,M,2,Jet,MJ
NARN,L1P,L,1,Piston,LP
CHGO,L1P,L,1,Piston,LP
DOCX,L1P,L,1,Piston,LP
K51,L1P,L,1,Piston,LP
IRBS,L1P,L,1,Piston,LP
M2,L1P,L,1,Piston,LP
LCB,L1P,L,1,Piston,LP
LCR,L1P,L,1,Piston,LP
LK17,L1P,L,1,Piston,LP
LK19,L1P,L,1,Piston,LP
LK20,L1P,L,1,Piston,LP
LK7E,L1E,L,1,Electric,LE
LA4,A1P,L,1,Piston,LP
LA25,A1P,L,1,Piston,LP
HL2,L1P,L,1,Piston,LP
M106,L1P,L,1,Piston,LP
M212,L1P,L,1,Piston,LP
M108,L1P,L,1,Piston,LP
JUPI,L1P,L,1,Piston,LP
LNC4,L1P,L,1,Piston,LP
LNC2,L1P,L,1,Piston,LP
LNCE,L1P,L,1,Piston,LP
LNP4,L1T,L,1,Turboprop/Turboshaft,LT
LNT4,L1T,L,1,Turboprop/Turboshaft,LT
LEG2,L1P,L,1,Piston,LP
EVOP,L1P,L,1,Piston,LP
EVOT,L1T,L,1,Turboprop/Turboshaft,LT
LESP,L1P,L,1,Piston,LP
MAKO,L1P,L,1,Piston,LP
LAE1,L1E,L,1,Electric,LE
DLH2,L1E,L,1,Electric,LE
SP20,L1P,L,1,Piston,LP
LAKR,L1P,L,1,Piston,LP
LACO,L1P,L,1,Piston,LP
LV51,L1P,L,1,Piston,LP
LJ23,L2J,L,2,Jet,LJ
LJ40,L2J,M,2,Jet,MJ
LJ45,L2J,M,2,Jet,MJ
LJ60,L2J,M,2,Jet,MJ
LJ70,L2J,M,2,Jet,MJ
LJ75,L2J,M,2,Jet,MJ
L380,L1P,L,1,Piston,LP
TLEG,L1T,L,1,Turboprop/Turboshaft,LT
ME62,L2J,L,2,Jet,LJ
CHIP,L1P,L,1,Piston,LP
M345,L1J,L,1,Jet,LJ
L13M,L1P,L,1,Piston,LP
YK11,L1P,L,1,Piston,LP
Z37P,L1P,L,1,Piston,LP
L200,L2P,L,2,Piston,LP
L610,L2T,M,2,Turboprop/Turboshaft,MT
ACAM,L2P,L,2,Piston,LP
LH10,L1P,L,1,Piston,LP
LIBE,L1P,L,1,Piston,LP
LM5X,L1P,L,1,Piston,LP
AC4,L1P,L,1,Piston,LP
LBUG,L1P,L,1,Piston,LP
LX32,L1P,L,1,Piston,LP
LX34,L1P,L,1,Piston,LP
PZ01,L1P,L,1,Piston,LP
PZ04,L1P,L,1,Piston,LP
AKOY,A1P,L,1,Piston,LP
RPUP,G1P,L,1,Piston,LP
LR2T,H1T,L,1,Turboprop/Turboshaft,HEL
C130,L4T,M,4,Turboprop/Turboshaft,MT
L12,L2P,L,2,Piston,LP
CONI,L4P,M,4,Piston,MP
L10,L2P,L,2,Piston,LP
L188,L4T,M,4,Turboprop/Turboshaft,MT
U2,L1J,M,1,Jet,MJ
P38,L2P,M,2,Piston,MP
L14,L2P,M,2,Piston,MP
L29B,L4J,M,4,Jet,MJ
L29A,L4J,M,4,Jet,MJ
S3,L2J,M,2,Jet,MJ
P2,L2P,M,2,Piston,MP
L101,L3J,H,3,Jet,HJ
O3,L1P,L,1,Piston,LP
C5M,L4J,H,4,Jet,HJ
F117,L2J,M,2,Jet,MJ
C30J,L4T,M,4,Turboprop/Turboshaft,MT
F35,L1J,M,1,Jet,MJ
VF35,L1J,M,1,Jet,MJ
F22,L2J,M,2,Jet,MJ
SPEL,L1P,L,1,Piston,LP
LM5,L1P,L,1,Piston,LP
LM7,L1P,L,1,Piston,LP
LP1,L1P,L,1,Piston,LP
SF25,L1P,L,1,Piston,LP
LOVE,L1P,L,1,Piston,LP
LUL5,L1P,L,1,Piston,LP
LUL6,L1P,L,1,Piston,LP
LUL7,L1P,L,1,Piston,LP
LUL8,L1P,L,1,Piston,LP
W5BC,L1P,L,1,Piston,LP
SILH,L1P,L,1,Piston,LP
GRAF,L1P,L,1,Piston,LP
L8,L1P,L,1,Piston,LP
L11,L1P,L,1,Piston,LP
L11E,L1P,L,1,Piston,LP
DELF,L1P,L,1,Piston,LP
S21,L1P,L,1,Piston,LP
MMAX,G1P,L,1,Piston,LP
MM14,G1P,L,1,Piston,LP
MM16,G1P,L,1,Piston,LP
MM19,G1P,L,1,Piston,LP
MM21,G1P,L,1,Piston,LP
MM22,G1P,L,1,Piston,LP
MM24,G1P,L,1,Piston,LP
EFUS,L1E,L,1,Electric,LE
MF10,L1P,L,1,Piston,LP
MG29,L2J,M,2,Jet,MJ
MG31,L2J,M,2,Jet,MJ
MGAT,L1J,L,1,Jet,LJ
SL39,L1P,L,1,Piston,LP
MMUT,L1P,L,1,Piston,LP
BM6,L1P,L,1,Piston,LP
EM10,L1J,L,1,Jet,LJ
EM11,L2P,L,2,Piston,LP
JPM1,L1P,L,1,Piston,LP
MA5,L1P,L,1,Piston,LP
MARS,S4P,M,4,Piston,MP
B26M,L2P,M,2,Piston,MP
WB57,L2J,M,2,Jet,MJ
M404,L2P,M,2,Piston,MP
M36J,L2P,L,2,Piston,LP
M4,L1P,L,1,Piston,LP
M7,L1P,L,1,Piston,LP
M5,L1P,L,1,Piston,LP
M6,L1P,L,1,Piston,LP
M7T,L1T,L,1,Turboprop/Turboshaft,LT
M8,L1P,L,1,Piston,LP
M9,L1P,L,1,Piston,LP
ROSE,L1P,L,1,Piston,LP
TJET,L2J,L,2,Jet,LJ
BROU,L1P,L,1,Piston,LP
N260,L2T,M,2,Turboprop/Turboshaft,MT
MMAC,L1P,L,1,Piston,LP
C15,L4J,M,4,Jet,MJ
G21M,A4P,L,4,Piston,LP
G21T,A2T,L,2,Turboprop/Turboshaft,LT
MEAD,L1P,L,1,Piston,LP
MAMB,L1P,L,1,Piston,LP
M18T,L1T,L,1,Turboprop/Turboshaft,LT
SHOE,L1P,L,1,Piston,LP
MEXP,L1P,L,1,Piston,LP
ME08,L1P,L,1,Piston,LP
FL53,L1P,L,1,Piston,LP
FL54,L1P,L,1,Piston,LP
FL55,L1P,L,1,Piston,LP
TOOT,L1P,L,1,Piston,LP
MC45,L1P,L,1,Piston,LP
CRIO,A1P,L,1,Piston,LP
FGT,L1P,L,1,Piston,LP
MG44,L2J,M,2,Jet,MJ
MG25,L2J,M,2,Jet,MJ
MI24,H2T,M,2,Turboprop/Turboshaft,HEL
MI2,H2T,L,2,Turboprop/Turboshaft,HEL
MI6,H2T,M,2,Turboprop/Turboshaft,HEL
MI8,H2T,M,2,Turboprop/Turboshaft,HEL
MI10,H2T,M,2,Turboprop/Turboshaft,HEL
MI14,H2T,M,2,Turboprop/Turboshaft,HEL
MI26,H2T,M,2,Turboprop/Turboshaft,HEL
MI28,H2T,M,2,Turboprop/Turboshaft,HEL
MI34,H1P,L,1,Piston,HEL
MI38,H2T,M,2,Turboprop/Turboshaft,HEL
FALM,L1P,L,1,Piston,LP
GEMI,L2P,L,2,Piston,LP
M2HK,L1P,L,1,Piston,LP
WHIT,L1P,L,1,Piston,LP
MAGI,L1P,L,1,Piston,LP
MONA,L1P,L,1,Piston,LP
MESS,L1P,L,1,Piston,LP
PA23,L2P,L,2,Piston,LP
WM2,L1P,L,1,Piston,LP
ANDR,L1P,L,1,Piston,LP
CELR,L1P,L,1,Piston,LP
MRTN,L1P,L,1,Piston,LP
KITI,L1P,L,1,Piston,LP
ZERO,L1P,L,1,Piston,LP
MU30,L2J,M,2,Jet,MJ
F1,L2J,M,2,Jet,MJ
F2,L1J,M,1,Jet,MJ
MU2,L2T,L,2,Turboprop/Turboshaft,LT
MH20,H2T,L,2,Turboprop/Turboshaft,HEL
RP1,H2T,L,2,Turboprop/Turboshaft,HEL
MT2,L2J,M,2,Jet,MJ
YS11,L2T,M,2,Turboprop/Turboshaft,MT
MRJ7,L2J,M,2,Jet,MJ
MRJ9,L2J,M,2,Jet,MJ
MOL1,L1P,L,1,Piston,LP
MOSP,L1P,L,1,Piston,LP
MRAI,L1P,L,1,Piston,LP
MONI,L1P,L,1,Piston,LP
MC90,L1P,L,1,Piston,LP
MC01,L1P,L,1,Piston,LP
MCOY,L1P,L,1,Piston,LP
MON2,L1P,L,1,Piston,LP
M20T,L1P,L,1,Piston,LP
MITE,L1P,L,1,Piston,LP
M22,L1P,L,1,Piston,LP
MSAI,L1P,L,1,Piston,LP
MS73,L1P,L,1,Piston,LP
MS23,L1P,L,1,Piston,LP
MS31,L1P,L,1,Piston,LP
RALL,L1P,L,1,Piston,LP
Z37T,L1T,L,1,Turboprop/Turboshaft,LT
Z26,L1P,L,1,Piston,LP
Z42,L1P,L,1,Piston,LP
SM92,L1P,L,1,Piston,LP
Z43,L1P,L,1,Piston,LP
Z22,L1P,L,1,Piston,LP
Z50,L1P,L,1,Piston,LP
OM1,L1P,L,1,Piston,LP
PROW,L1P,L,1,Piston,LP
ESQL,L1P,L,1,Piston,LP
SOKL,L1P,L,1,Piston,LP
V322,L1P,L,1,Piston,LP
V351,L1P,L,1,Piston,LP
V221,L1P,L,1,Piston,LP
V252,L1P,L,1,Piston,LP
V452,L1T,L,1,Turboprop/Turboshaft,LT
CP21,L1P,L,1,Piston,LP
MR35,L1P,L,1,Piston,LP
RBEL,L1P,L,1,Piston,LP
RENE,L1P,L,1,Piston,LP
MR25,L1P,L,1,Piston,LP
MR3T,L1T,L,1,Turboprop/Turboshaft,LT
YUKN,L1P,L,1,Piston,LP
RCAL,L1P,L,1,Piston,LP
MVN1,L1P,L,1,Piston,LP
MX2,L1P,L,1,Piston,LP
MXS,L1P,L,1,Piston,LP
MYA4,L4J,H,4,Jet,HJ
M203,L1P,L,1,Piston,LP
M101,L1T,L,1,Turboprop/Turboshaft,LT
M55,L2J,M,2,Jet,MJ
M17,L1J,M,1,Jet,MJ
MY13,L1P,L,1,Piston,LP
MY12,L1P,L,1,Piston,LP
MS1,L1P,L,1,Piston,LP
FT30,L1P,L,1,Piston,LP
NAL2,L1P,L,1,Piston,LP
NM5,L1P,L,1,Piston,LP
YK18,L1P,L,1,Piston,LP
AC5A,L1P,L,1,Piston,LP
FN33,A1P,L,1,Piston,LP
PTRL,L1P,L,1,Piston,LP
LYSA,L1P,L,1,Piston,LP
N3N,L1P,L,1,Piston,LP
RANG,L1P,L,1,Piston,LP
ND1T,L1T,L,1,Turboprop/Turboshaft,LT
PAUL,L1P,L,1,Piston,LP
RGNT,L1P,L,1,Piston,LP
PAT4,L2T,L,2,Turboprop/Turboshaft,LT
UNIV,L1P,L,1,Piston,LP
NXT,L1P,L,1,Piston,LP
GLSP,L1P,L,1,Piston,LP
NHCO,L1P,L,1,Piston,LP
D25,L1P,L,1,Piston,LP
CRES,L1T,L,1,Turboprop/Turboshaft,LT
HN70,L1P,L,1,Piston,LP
NI28,L1P,L,1,Piston,LP
N110,L1P,L,1,Piston,LP
N120,L1P,L,1,Piston,LP
NORA,L2P,M,2,Piston,MP
N320,L1P,L,1,Piston,LP
N340,L1P,L,1,Piston,LP
NC85,L1P,L,1,Piston,LP
NDIC,L1P,L,1,Piston,LP
MNEX,L1P,L,1,Piston,LP
NDAC,L1P,L,1,Piston,LP
NDAT,L1P,L,1,Piston,LP
B25,L2P,M,2,Piston,MP
V10,L2T,L,2,Turboprop/Turboshaft,LT
YALE,L1P,L,1,Piston,LP
T2,L2J,L,2,Jet,LJ
SBR1,L2J,M,2,Jet,MJ
P82,L2P,M,2,Piston,MP
SSAB,L1J,M,1,Jet,MJ
NAVI,L1P,L,1,Piston,LP
LARK,L1P,L,1,Piston,LP
SBR2,L2J,M,2,Jet,MJ
T38,L2J,L,2,Jet,LJ
B2,L4J,H,4,Jet,HJ
P61,L2P,M,2,Piston,MP
C125,L3P,M,3,Piston,MP
FRBD,L1P,L,1,Piston,LP
Q4,L1J,M,1,Jet,MJ
X47B,L1J,M,1,Jet,MJ
N3,L1P,L,1,Piston,LP
N250,L2T,M,2,Turboprop/Turboshaft,MT
VTUR,L1P,L,1,Piston,LP
NT10,L1P,L,1,Piston,LP
JB15,L1P,L,1,Piston,LP
OUDE,L1P,L,1,Piston,LP
SKYC,L2P,L,2,Piston,LP
OMLA,L1T,L,1,Turboprop/Turboshaft,LT
SYMP,L1P,L,1,Piston,LP
QEST,L1P,L,1,Piston,LP
OMAG,L1P,L,1,Piston,LP
ACPL,L1P,L,1,Piston,LP
OR10,A1P,L,1,Piston,LP
OR12,A2P,L,2,Piston,LP
L40,L1P,L,1,Piston,LP
A223,L1P,L,1,Piston,LP
A205,G1P,L,1,Piston,LP
A411,L2P,L,2,Piston,LP
GP3,A1P,L,1,Piston,LP
GP4,L1P,L,1,Piston,LP
PULR,L1P,L,1,Piston,LP
HYPR,L1P,L,1,Piston,LP
P750,L1T,L,1,Turboprop/Turboshaft,LT
TRWN,L2P,L,2,Piston,LP
S211,L1J,L,1,Jet,LJ
MF17,L1P,L,1,Piston,LP
ST30,L1P,L,1,Piston,LP
TMUS,L1P,L,1,Piston,LP
PAR1,L1P,L,1,Piston,LP
PAR4,L1P,L,1,Piston,LP
CABN,L1P,L,1,Piston,LP
SABA,L1P,L,1,Piston,LP
TTWO,L1P,L,1,Piston,LP
ELF,L1P,L,1,Piston,LP
DART,L1P,L,1,Piston,LP
S45,L1P,L,1,Piston,LP
P68T,L2T,L,2,Turboprop/Turboshaft,LT
VTOR,L2T,L,2,Turboprop/Turboshaft,LT
P57,L1P,L,1,Piston,LP
P68,L2P,L,2,Piston,LP
CHIF,H1P,L,1,Piston,HEL
VIPR,L1P,L,1,Piston,LP
KNTW,L1P,L,1,Piston,LP
PL1,L1P,L,1,Piston,LP
PL2,L1P,L,1,Piston,LP
PL4,L1P,L,1,Piston,LP
PL9,L1P,L,1,Piston,LP
PEGZ,L1P,L,1,Piston,LP
TARR,L1P,L,1,Piston,LP
BILO,L1P,L,1,Piston,LP
CPNA,L1P,L,1,Piston,LP
DAHU,L1P,L,1,Piston,LP
DIES,L1P,L,1,Piston,LP
VGUL,L1P,L,1,Piston,LP
PROC,L1P,L,1,Piston,LP
PREN,L1P,L,1,Piston,LP
PRCE,L2P,L,2,Piston,LP
LEGD,L1P,L,1,Piston,LP
PHIX,G1P,L,1,Piston,LP
ST1,L2P,L,2,Piston,LP
MVRK,L1P,L,1,Piston,LP
U15,L1P,L,1,Piston,LP
KSTK,L2P,L,2,Piston,LP
P66P,L2P,L,2,Piston,LP
P180,L2T,L,2,Turboprop/Turboshaft,LT
P136,A2P,L,2,Piston,LP
P148,L1P,L,1,Piston,LP
P66T,L2T,L,2,Turboprop/Turboshaft,LT
P1HH,L2T,L,2,Turboprop/Turboshaft,LT
X49,H2T,M,2,Turboprop/Turboshaft,HEL
CP90,L1P,L,1,Piston,LP
CP75,L1P,L,1,Piston,LP
CP60,L1P,L,1,Piston,LP
CP80,L1P,L,1,Piston,LP
SAPH,L1P,L,1,Piston,LP
PARL,L1P,L,1,Piston,LP
PK15,L1P,L,1,Piston,LP
PK19,L1P,L,1,Piston,LP
PK11,L1P,L,1,Piston,LP
PK18,L1P,L,1,Piston,LP
PK21,L1P,L,1,Piston,LP
PK23,L1P,L,1,Piston,LP
PK25,L1P,L,1,Piston,LP
PC24,L2J,M,2,Jet,MJ
PC12,L1T,L,1,Turboprop/Turboshaft,LT
PP2,L1P,L,1,Piston,LP
PP3,L1P,L,1,Piston,LP
PC6P,L1P,L,1,Piston,LP
PC21,L1T,L,1,Turboprop/Turboshaft,LT
S108,L1P,L,1,Piston,LP
J5,L1P,L,1,Piston,LP
PA22,L1P,L,1,Piston,LP
PAY4,L2T,L,2,Turboprop/Turboshaft,LT
PA16,L1P,L,1,Piston,LP
PA24,L1P,L,1,Piston,LP
J2,L1P,L,1,Piston,LP
J4,L1P,L,1,Piston,LP
PA14,L1P,L,1,Piston,LP
PA46,L1P,L,1,Piston,LP
PA15,L1P,L,1,Piston,LP
PA17,L1P,L,1,Piston,LP
PA20,L1P,L,1,Piston,LP
M600,L1T,L,1,Turboprop/Turboshaft,LT
PITE,L1E,L,1,Electric,LE
PITA,L1P,L,1,Piston,LP
PIT4,L1E,L,1,Electric,LE
PIAE,L1E,L,1,Electric,LE
PIVI,L1P,L,1,Piston,LP
PIVE,L1E,L,1,Electric,LE
PIAT,L1P,L,1,Piston,LP
PIPA,L1P,L,1,Piston,LP
PISI,L1P,L,1,Piston,LP
PCA2,G1P,L,1,Piston,LP
MP20,L1P,L,1,Piston,LP
CRAC,L1P,L,1,Piston,LP
TRBA,L1P,L,1,Piston,LP
BF19,L1P,L,1,Piston,LP
PSTM,L1P,L,1,Piston,LP
TUL3,L1P,L,1,Piston,LP
CHIC,L1P,L,1,Piston,LP
I15B,L1P,L,1,Piston,LP
I16,L1P,L,1,Piston,LP
I153,L1P,L,1,Piston,LP
PW4,L1P,L,1,Piston,LP
CP65,L1P,L,1,Piston,LP
RISN,L1P,L,1,Piston,LP
PO60,L1P,L,1,Piston,LP
P270,L1P,L,1,Piston,LP
P130,L1P,L,1,Piston,LP
P50,L1P,L,1,Piston,LP
PT21,L1P,L,1,Piston,LP
P60,L1P,L,1,Piston,LP
P70,L1P,L,1,Piston,LP
P80,L1P,L,1,Piston,LP
P100,L1P,L,1,Piston,LP
PT70,L1P,L,1,Piston,LP
PT80,L1P,L,1,Piston,LP
P230,L1P,L,1,Piston,LP
ACED,L1P,L,1,Piston,LP
SPRT,L1P,L,1,Piston,LP
PUSH,L1P,L,1,Piston,LP
SGRA,L1P,L,1,Piston,LP
PRXT,L1T,L,1,Turboprop/Turboshaft,LT
PREX,L1P,L,1,Piston,LP
PECR,L1P,L,1,Piston,LP
VISI,L1P,L,1,Piston,LP
RYSA,L2T,L,2,Turboprop/Turboshaft,LT
SREY,A1P,L,1,Piston,LP
SASY,L1P,L,1,Piston,LP
KIS2,L1P,L,1,Piston,LP
KIS4,L1P,L,1,Piston,LP
PUL6,L1P,L,1,Piston,LP
ELST,L1P,L,1,Piston,LP
M26,L1P,L,1,Piston,LP
M15,L1J,L,1,Jet,LJ
TS8,L1P,L,1,Piston,LP
M21,L1P,L,1,Piston,LP
M24,L1P,L,1,Piston,LP
TS11,L1J,L,1,Jet,LJ
M28,L2T,L/M,2,Turboprop/Turboshaft,L/MT
PZ4M,L1P,L,1,Piston,LP
PZ05,L1P,L,1,Piston,LP
PZ06,L1P,L,1,Piston,LP
PZ6T,L1T,L,1,Turboprop/Turboshaft,LT
PZ12,L1P,L,1,Piston,LP
PZ3T,L1T,L,1,Turboprop/Turboshaft,LT
YK12,L1P,L,1,Piston,LP
PZ02,L1P,L,1,Piston,LP
W3,H2T,L,2,Turboprop/Turboshaft,HEL
PSW4,H1T,L,1,Turboprop/Turboshaft,HEL
QR01,L1P,L,1,Piston,LP
SPIR,L1P,L,1,Piston,LP
QUIC,L1P,L,1,Piston,LP
QIC2,L1P,L,1,Piston,LP
GOOS,A1P,L,1,Piston,LP
BPAT,L1P,L,1,Piston,LP
WDEX,L1P,L,1,Piston,LP
SE5A,L1P,L,1,Piston,LP
RW19,L1P,L,1,Piston,LP
RW20,L1P,L,1,Piston,LP
RW22,L1P,L,1,Piston,LP
RW26,L1P,L,1,Piston,LP
CTAH,L1P,L,1,Piston,LP
BUSH,L1P,L,1,Piston,LP
XA85,L1P,L,1,Piston,LP
XAIR,L1P,L,1,Piston,LP
KR1,L1P,L,1,Piston,LP
KR2,L1P,L,1,Piston,LP
RS12,L1P,L,1,Piston,LP
CRER,L1P,L,1,Piston,LP
COY2,L1P,L,1,Piston,LP
PURS,L1P,L,1,Piston,LP
SAKO,L1P,L,1,Piston,LP
SHEK,L1P,L,1,Piston,LP
VTRA,L1P,L,1,Piston,LP
RS20,L1P,L,1,Piston,LP
STG2,L1P,L,1,Piston,LP
RS21,L1P,L,1,Piston,LP
RAV3,L1P,L,1,Piston,LP
RAV5,L1P,L,1,Piston,LP
KERO,L1P,L,1,Piston,LP
SPDR,L1P,L,1,Piston,LP
CLDS,L1P,L,1,Piston,LP
PONY,A1P,L,1,Piston,LP
RDH2,L1P,L,1,Piston,LP
NPOR,L1P,L,1,Piston,LP
WHIL,L1P,L,1,Piston,LP
Q01,L1P,L,1,Piston,LP
XA42,L1P,L,1,Piston,LP
GX,L1P,L,1,Piston,LP
G3,L1P,L,1,Piston,LP
SE5R,L1P,L,1,Piston,LP
P47,L1P,M,1,Piston,MP
RC3,A1P,L,1,Piston,LP
V500,H1P,L,1,Piston,HEL
FANL,L1P,L,1,Piston,LP
FANT,L1T,L,1,Turboprop/Turboshaft,LT
RW3,L1P,L,1,Piston,LP
SIR2,L1P,L,1,Piston,LP
RLU1,L1P,L,1,Piston,LP
DR40,L1P,L,1,Piston,LP
HR20,L1P,L,1,Piston,LP
R100,L1P,L,1,Piston,LP
ATL,L1P,L,1,Piston,LP
HR10,L1P,L,1,Piston,LP
R300,L1P,L,1,Piston,LP
X4,L1P,L,1,Piston,LP
R44,H1P,L,1,Piston,HEL
R66,H1T,L,1,Turboprop/Turboshaft,HEL
KRAH,L1P,L,1,Piston,LP
B1,L4J,H,4,Jet,HJ
LS9,L1P,L,1,Piston,LP
BETA,L1P,L,1,Piston,LP
RAF2,G1P,L,1,Piston,LP
PANT,L1P,L,1,Piston,LP
HSMT,H1P,L,1,Piston,HEL
CLD2,G1P,L,1,Piston,LP
A600,H1P,L,1,Piston,HEL
EGL3,H1T,L,1,Turboprop/Turboshaft,HEL
EXEJ,H1T,L,1,Turboprop/Turboshaft,HEL
SCOR,H1P,L,1,Piston,HEL
RTA4,L1P,L,1,Piston,LP
R12,L1P,L,1,Piston,LP
RVST,L1P,L,1,Piston,LP
R11,L1P,L,1,Piston,LP
R90R,L1P,L,1,Piston,LP
R90F,L1P,L,1,Piston,LP
R90T,L1T,L,1,Turboprop/Turboshaft,LT
VEZE,L1P,L,1,Piston,LP
DEFI,L2P,L,2,Piston,LP
LGEZ,L1P,L,1,Piston,LP
SOLI,L1P,L,1,Piston,LP
ARES,L1J,L,1,Jet,LJ
BOOM,L2P,L,2,Piston,LP
PRTS,L2J,L,2,Jet,LJ
VVIG,L1P,L,1,Piston,LP
WHK2,L4J,M,4,Jet,MJ
SS2,L1R,M,1,Rocket,MR
RYST,L1P,L,1,Piston,LP
PT22,L1P,L,1,Piston,LP
SB29,L1J,M,1,Jet,MJ
SB32,L1J,M,1,Jet,MJ
SB35,L1J,M,1,Jet,MJ
SB37,L1J,M,1,Jet,MJ
SB39,L1J,M,1,Jet,MJ
SB05,L2J,L,2,Jet,LJ
SF34,L2T,M,2,Turboprop/Turboshaft,MT
SB20,L2T,M,2,Turboprop/Turboshaft,MT
A22,L1P,L,1,Piston,LP
SAVA,L1P,L,1,Piston,LP
UT75,L1P,L,1,Piston,LP
S15U,L1P,L,1,Piston,LP
KZ2,L1P,L,1,Piston,LP
KZ3,L1P,L,1,Piston,LP
KZ4,L2P,L,2,Piston,LP
KZ7,L1P,L,1,Piston,LP
KZ8,L1P,L,1,Piston,LP
G97,L1P,L,1,Piston,LP
RAZM,L1P,L,1,Piston,LP
SHOP,L1P,L,1,Piston,LP
SAM,L1P,L,1,Piston,LP
R2,S1P,L,1,Piston,LP
SP6E,L1P,L,1,Piston,LP
TAA1,L1P,L,1,Piston,LP
SWFT,L1J,L,1,Jet,LJ
S401,L1J,L,1,Jet,LJ
S355,L1P,L,1,Piston,LP
SLCH,L6J,H,6,Jet,HJ
SF24,L1P,L,1,Piston,LP
SF23,L1P,L,1,Piston,LP
SF27,L1P,L,1,Piston,LP
SF28,L1P,L,1,Piston,LP
SF32,L1P,L,1,Piston,LP
SF35,L1P,L,1,Piston,LP
SF36,L1P,L,1,Piston,LP
DISC,L1P,L,1,Piston,LP
NIMB,L1P,L,1,Piston,LP
ARCP,L1P,L,1,Piston,LP
ARCE,L1E,L,1,Electric,LE
DUOD,L1P,L,1,Piston,LP
VENT,L1P,L,1,Piston,LP
VNTE,L1E,L,1,Electric,LE
QINT,L1P,L,1,Piston,LP
JANU,L1P,L,1,Piston,LP
AS26,L1P,L,1,Piston,LP
AS14,L1P,L,1,Piston,LP
AS16,L1P,L,1,Piston,LP
AS21,L1P,L,1,Piston,LP
AS20,L1P,L,1,Piston,LP
AS22,L1P,L,1,Piston,LP
AS24,L1P,L,1,Piston,LP
AS28,L1P,L,1,Piston,LP
A33P,L1P,L,1,Piston,LP
A33E,L1E,L,1,Electric,LE
AS29,L1P,L,1,Piston,LP
A32E,L1E,L,1,Electric,LE
A32P,L1P,L,1,Piston,LP
A34E,L1E,L,1,Electric,LE
A20J,L1J,L,1,Jet,LJ
AS31,L1P,L,1,Piston,LP
AS30,L1P,L,1,Piston,LP
SA38,L2P,L,2,Piston,LP
SA8T,L2T,L,2,Turboprop/Turboshaft,LT
S330,H1T,L,1,Turboprop/Turboshaft,HEL
SA37,L1P,L,1,Piston,LP
SG37,L1P,L,1,Piston,LP
TEAL,A1P,L,1,Piston,LP
RUBI,L1P,L,1,Piston,LP
TPIN,L2P,L,2,Piston,LP
SCW1,L1P,L,1,Piston,LP
SB7,L1P,L,1,Piston,LP
SHEA,A1P,L,1,Piston,LP
SEAW,A1P,L,1,Piston,LP
SEAT,A1T,L,1,Turboprop/Turboshaft,LT
SERA,L1P,L,1,Piston,LP
SSTM,A1P,L,1,Piston,LP
STRM,L1P,L,1,Piston,LP
S400,S2P,L,2,Piston,LP
S202,A2P,L,2,Piston,LP
YAST,L1P,L,1,Piston,LP
SHRK,L1P,L,1,Piston,LP
SASH,L2P,L,2,Piston,LP
J8B,L2J,M,2,Jet,MJ
J8A,L2J,M,2,Jet,MJ
HU1,L1P,L,1,Piston,LP
HU2,L1P,L,1,Piston,LP
SHER,L1P,L,1,Piston,LP
SHRT,L1T,L,1,Turboprop/Turboshaft,LT
TB20,L1P,L,1,Piston,LP
US2,A4T,M,4,Turboprop/Turboshaft,MT
SH33,L2T,M,2,Turboprop/Turboshaft,MT
SH36,L2T,M,2,Turboprop/Turboshaft,MT
BELF,L4T,M,4,Turboprop/Turboshaft,MT
SAND,S4P,M,4,Piston,MP
SC7,L2T,L,2,Turboprop/Turboshaft,LT
YUNO,L1P,L,1,Piston,LP
F600,L2T,L,2,Turboprop/Turboshaft,LT
S05F,L1P,L,1,Piston,LP
S05R,L1P,L,1,Piston,LP
S208,L1P,L,1,Piston,LP
SM19,L1T,L,1,Turboprop/Turboshaft,LT
S434,H1T,L,1,Turboprop/Turboshaft,HEL
H53S,H3T,M,3,Turboprop/Turboshaft,HEL
S97,H1T,L,1,Turboprop/Turboshaft,HEL
S92,H2T,M,2,Turboprop/Turboshaft,HEL
X2,H1T,L,1,Turboprop/Turboshaft,HEL
SB1,H2T,M,2,Turboprop/Turboshaft,HEL
S55P,H1P,L,1,Piston,HEL
S58P,H1P,L,1,Piston,HEL
H53,H2T,M,2,Turboprop/Turboshaft,HEL
S64,H2T,M,2,Turboprop/Turboshaft,HEL
R4,H1P,L,1,Piston,HEL
S51,H1P,L,1,Piston,HEL
S38,A2P,L,2,Piston,LP
S39,A1P,L,1,Piston,LP
S52,H1P,L,1,Piston,HEL
S55T,H1T,L,1,Turboprop/Turboshaft,HEL
S62,H1T,L,1,Turboprop/Turboshaft,HEL
S58T,H1T,L,1,Turboprop/Turboshaft,HEL
TWST,L1P,L,1,Piston,LP
SH4,H1P,L,1,Piston,HEL
AR1,G1P,L,1,Piston,LP
HAHU,L1P,L,1,Piston,LP
S200,L1J,L,1,Jet,LJ
S900,L1P,L,1,Piston,LP
CORR,L1P,L,1,Piston,LP
RAID,L1P,L,1,Piston,LP
FRNT,L1P,L,1,Piston,LP
SD26,L1P,L,1,Piston,LP
SK10,L1P,L,1,Piston,LP
SALB,L1P,L,1,Piston,LP
S122,L2P,L,2,Piston,LP
SKYO,L1P,L,1,Piston,LP
VIX,L1P,L,1,Piston,LP
SW18,L1P,L,1,Piston,LP
STOR,L1P,L,1,Piston,LP
SLK3,L1P,L,1,Piston,LP
SLK5,L1P,L,1,Piston,LP
SLH4,L1P,L,1,Piston,LP
DFLY,L1P,L,1,Piston,LP
SCEP,L1P,L,1,Piston,LP
SBLS,L2P,L,2,Piston,LP
DSA1,L1P,L,1,Piston,LP
TERM,L1P,L,1,Piston,LP
SACR,L1P,L,1,Piston,LP
P18T,L1T,L,1,Turboprop/Turboshaft,LT
SIDE,L1P,L,1,Piston,LP
ST10,L1P,L,1,Piston,LP
TB31,L1T,L,1,Turboprop/Turboshaft,LT
TAMP,L1P,L,1,Piston,LP
TOBA,L1P,L,1,Piston,LP
TBM8,L1T,L,1,Turboprop/Turboshaft,LT
TBM7,L1T,L,1,Turboprop/Turboshaft,LT
TB21,L1P,L,1,Piston,LP
JAST,L1J,L,1,Jet,LJ
KRAG,L1P,L,1,Piston,LP
G2GL,L1J,L,1,Jet,LJ
G4SG,L1J,L,1,Jet,LJ
SOK2,L1P,L,1,Piston,LP
YURO,L2J,M,2,Jet,MJ
SOL1,L4E,L,4,Electric,LE
SOL2,L4E,L,4,Electric,LE
B47T,H1T,L,1,Turboprop/Turboshaft,HEL
SONX,L1P,L,1,Piston,LP
WAIX,L1P,L,1,Piston,LP
XNOS,L1P,L,1,Piston,LP
ONEX,L1P,L,1,Piston,LP
JSX,L1J,L,1,Jet,LJ
CAML,L1P,L,1,Piston,LP
STRI,L1P,L,1,Piston,LP
SNS9,L1P,L,1,Piston,LP
SNS2,L1P,L,1,Piston,LP
SNS7,L1P,L,1,Piston,LP
SD2,L1P,L,1,Piston,LP
SP7,L1P,L,1,Piston,LP
SPC2,L1P,L,1,Piston,LP
SP33,L2J,L,2,Jet,LJ
S12,A1P,L,1,Piston,LP
ACJR,A1P,L,1,Piston,LP
DAL1,L1P,L,1,Piston,LP
SCII,G1P,L,1,Piston,LP
PNTH,L1P,L,1,Piston,LP
SRAC,L1P,L,1,Piston,LP
SF31,L1P,L,1,Piston,LP
RS18,L1P,L,1,Piston,LP
S107,S1P,L,1,Piston,LP
WS22,L1P,L,1,Piston,LP
SA6E,L1T,L,1,Turboprop/Turboshaft,LT
AS80,L1P,L,1,Piston,LP
FIBO,L1P,L,1,Piston,LP
SK70,L2P,L,2,Piston,LP
SPA2,L1P,L,1,Piston,LP
SL1,L1P,L,1,Piston,LP
STFF,L1P,L,1,Piston,LP
ST60,L1P,L,1,Piston,LP
ST3,L1P,L,1,Piston,LP
ST4,L1P,L,1,Piston,LP
ST6,L1P,L,1,Piston,LP
BOLT,L1P,L,1,Piston,LP
S10S,L1P,L,1,Piston,LP
S12S,L1P,L,1,Piston,LP
S15S,L1P,L,1,Piston,LP
S6,L1P,L,1,Piston,LP
AKRO,L1P,L,1,Piston,LP
ST87,L1P,L,1,Piston,LP
SM01,L1P,L,1,Piston,LP
S51D,L1P,L,1,Piston,LP
FOOF,L1P,L,1,Piston,LP
HEAD,L1P,L,1,Piston,LP
S10,L1P,L,1,Piston,LP
TRMA,L3P,L,3,Piston,LP
RELI,L1P,L,1,Piston,LP
L5,L1P,L,1,Piston,LP
SM60,L3P,L,3,Piston,LP
SA6,L1P,L,1,Piston,LP
SA3,L1P,L,1,Piston,LP
SA11,L1P,L,1,Piston,LP
SA7,L1P,L,1,Piston,LP
GLTU,L1T,L,1,Turboprop/Turboshaft,LT
SA70,L1P,L,1,Piston,LP
SA75,L1P,L,1,Piston,LP
SA10,L1P,L,1,Piston,LP
SA30,L1P,L,1,Piston,LP
SA50,L1P,L,1,Piston,LP
SDUS,L1P,L,1,Piston,LP
UL10,L1P,L,1,Piston,LP
UL20,L1P,L,1,Piston,LP
STRA,L1P,L,1,Piston,LP
STR2,L1P,L,1,Piston,LP
DJIN,H1T,L,1,Turboprop/Turboshaft,HEL
VAUT,L2J,M,2,Jet,MJ
S37,L2J,M,2,Jet,MJ
SU25,L2J,M,2,Jet,MJ
SU7,L1J,M,1,Jet,MJ
SU17,L1J,M,1,Jet,MJ
SU24,L2J,M,2,Jet,MJ
SU26,L1P,L,1,Piston,LP
SU29,L1P,L,1,Piston,LP
SU31,L1P,L,1,Piston,LP
SU38,L1P,L,1,Piston,LP
SU80,L2T,M,2,Turboprop/Turboshaft,MT
SU95,L2J,M,2,Jet,MJ
SU57,L2J,M,2,Jet,MJ
AURA,L1P,L,1,Piston,LP
S160,L1P,L,1,Piston,LP
SPIT,L1P,L,1,Piston,LP
SASP,L1P,L,1,Piston,LP
SW2,L2T,L,2,Turboprop/Turboshaft,LT
SX30,L1P,L,1,Piston,LP
TAYB,L1P,L,1,Piston,LP
SWIN,L1P,L,1,Piston,LP
SZ9M,L1P,L,1,Piston,LP
SZ45,L1P,L,1,Piston,LP
ZIU,L1P,L,1,Piston,LP
HURK,L1T,L,1,Turboprop/Turboshaft,LT
ANKA,L1P,L,1,Piston,LP
TD1,L1P,L,1,Piston,LP
TD3,L1P,L,1,Piston,LP
LEVI,L1P,L,1,Piston,LP
E2CB,L1P,L,1,Piston,LP
BIRD,L1P,L,1,Piston,LP
JT2,L1P,L,1,Piston,LP
TF21,L1P,L,1,Piston,LP
TA15,L1P,L,1,Piston,LP
TF19,L1P,L,1,Piston,LP
TA20,L1P,L,1,Piston,LP
TAYA,L1P,L,1,Piston,LP
TF22,L1P,L,1,Piston,LP
TAYD,L1P,L,1,Piston,LP
PLUS,L1P,L,1,Piston,LP
AUS3,L1P,L,1,Piston,LP
AUS4,L1P,L,1,Piston,LP
TRF1,L1P,L,1,Piston,LP
FOXT,L1P,L,1,Piston,LP
TAGO,L1P,L,1,Piston,LP
SP91,L1P,L,1,Piston,LP
SG92,L1T,L,1,Turboprop/Turboshaft,LT
Y18T,L1P,L,1,Piston,LP
SM20,L1T,L,1,Turboprop/Turboshaft,LT
SP55,L1P,L,1,Piston,LP
SP95,L1P,L,1,Piston,LP
BRAV,L1P,L,1,Piston,LP
ECHO,L1P,L,1,Piston,LP
GOLF,L1P,L,1,Piston,LP
SIRA,L1P,L,1,Piston,LP
ASTO,L1P,L,1,Piston,LP
TWEN,L1P,L,1,Piston,LP
P212,L2P,L,2,Piston,LP
P06T,L2P,L,2,Piston,LP
P208,L1P,L,1,Piston,LP
T35,L1P,L,1,Piston,LP
TSTN,L1P,L,1,Piston,LP
T30,L1P,L,1,Piston,LP
STIL,L1P,L,1,Piston,LP
TS14,L1P,L,1,Piston,LP
COLT,L1P,L,1,Piston,LP
M74,H1P,L,1,Piston,HEL
CX5,L1P,L,1,Piston,LP
T19,L1P,L,1,Piston,LP
TP40,L1P,L,1,Piston,LP
TFOC,L1P,L,1,Piston,LP
TSPT,L1P,L,1,Piston,LP
TA16,A1P,L,1,Piston,LP
TWSP,L1P,L,1,Piston,LP
T51,L1P,L,1,Piston,LP
TRDO,L1P,L,1,Piston,LP
TL20,L1P,L,1,Piston,LP
STRE,L1P,L,1,Piston,LP
TL30,L1P,L,1,Piston,LP
TM5,L1P,L,1,Piston,LP
T10,L1P,L,1,Piston,LP
SD4,L1P,L,1,Piston,LP
C160,L2T,M,2,Turboprop/Turboshaft,MT
TVL4,L1P,L,1,Piston,LP
TR1,A1P,L,1,Piston,LP
TIAD,L1P,L,1,Piston,LP
TU16,L2J,M,2,Jet,MJ
TU95,L4T,H,4,Turboprop/Turboshaft,HT
TU22,L2J,M,2,Jet,MJ
T22M,L2J,M,2,Jet,MJ
T134,L2J,M,2,Jet,MJ
T154,L3J,M,3,Jet,MJ
T160,L4J,H,4,Jet,HJ
T204,L2J,M,2,Jet,MJ
T334,L2J,M,2,Jet,MJ
TD2,L1T,L,1,Turboprop/Turboshaft,LT
T40,L1P,L,1,Piston,LP
KIWI,L1P,L,1,Piston,LP
TFUN,L1P,L,1,Piston,LP
UU12,L1P,L,1,Piston,LP
PKAN,L1P,L,1,Piston,LP
UFHT,G1P,L,1,Piston,LP
ULPA,L1P,L,1,Piston,LP
DON,L1P,L,1,Piston,LP
NA40,H2T,L,2,Turboprop/Turboshaft,HEL
TBEE,A2P,L,2,Piston,LP
CABI,L1T,L,1,Turboprop/Turboshaft,LT
ADEL,G1P,L,1,Piston,LP
UT60,L1P,L,1,Piston,LP
UT65,L1P,L,1,Piston,LP
UT66,L1P,L,1,Piston,LP
LAST,L1P,L,1,Piston,LP
L70,L1P,L,1,Piston,LP
VIMA,L1P,L,1,Piston,LP
RV14,L1P,L,1,Piston,LP
RV3,L1P,L,1,Piston,LP
RV4,L1P,L,1,Piston,LP
RV4T,L1T,L,1,Turboprop/Turboshaft,LT
RV7,L1P,L,1,Piston,LP
RV8,L1P,L,1,Piston,LP
RV9,L1P,L,1,Piston,LP
RV10,L1P,L,1,Piston,LP
RV12,L1P,L,1,Piston,LP
RV15,L1P,L,1,Piston,LP
VR7,L1P,L,1,Piston,LP
ROAR,L1R,L,1,Rocket,LR
VLOT,L1T,L,1,Turboprop/Turboshaft,LT
VLTT,L2T,L,2,Turboprop/Turboshaft,LT
VELO,L1P,L,1,Piston,LP
VELT,L2P,L,2,Piston,LP
DTA1,L1P,L,1,Piston,LP
DTA2,L1P,L,1,Piston,LP
SUNB,L1P,L,1,Piston,LP
H21,H1P,L,1,Piston,HEL
ACSR,L1P,L,1,Piston,LP
VIPJ,L1J,L,1,Jet,LJ
VANT,L1J,L,1,Jet,LJ
OVOD,L1P,L,1,Piston,LP
VM1,L1P,L,1,Piston,LP
VOL2,L1P,L,1,Piston,LP
VJ22,A1P,L,1,Piston,LP
SNOS,L1P,L,1,Piston,LP
PDIG,L2P,L,2,Piston,LP
SUSO,L1P,L,1,Piston,LP
PHIL,H1P,L,1,Piston,HEL
VF60,L1T,L,1,Turboprop/Turboshaft,LT
WAC9,L1P,L,1,Piston,LP
WACO,L1P,L,1,Piston,LP
WACC,L1P,L,1,Piston,LP
WACE,L1P,L,1,Piston,LP
WACN,L1P,L,1,Piston,LP
WACG,L1P,L,1,Piston,LP
WACD,L1P,L,1,Piston,LP
WACA,L1P,L,1,Piston,LP
WACM,L1P,L,1,Piston,LP
WACT,L1P,L,1,Piston,LP
HORN,L1P,L,1,Piston,LP
WP40,L1P,L,1,Piston,LP
WFOC,L1P,L,1,Piston,LP
WFUR,L1P,L,1,Piston,LP
WZER,L1P,L,1,Piston,LP
WP47,L1P,L,1,Piston,LP
WF4U,L1P,L,1,Piston,LP
WA50,L1P,L,1,Piston,LP
WA41,L1P,L,1,Piston,LP
WA80,L1P,L,1,Piston,LP
WA42,L1P,L,1,Piston,LP
WA40,L1P,L,1,Piston,LP
WIND,L1P,L,1,Piston,LP
W201,L1P,L,1,Piston,LP
W62T,L1T,L,1,Turboprop/Turboshaft,LT
WH1,L1P,L,1,Piston,LP
PGK1,L1P,L,1,Piston,LP
SCOU,H1T,L,1,Turboprop/Turboshaft,HEL
WASP,H1T,L,1,Turboprop/Turboshaft,HEL
WESX,H2T,L,2,Turboprop/Turboshaft,HEL
WHAT,L1P,L,1,Piston,LP
WISP,L1P,L,1,Piston,LP
WW1,L1P,L,1,Piston,LP
WINE,L1P,L,1,Piston,LP
B150,H1T,L,1,Turboprop/Turboshaft,HEL
W11,L1P,L,1,Piston,LP
CORV,L2P,L,2,Piston,LP
WUSH,A1P,L,1,Piston,LP
JH7,L2J,M,2,Jet,MJ
MA60,L2T,M,2,Turboprop/Turboshaft,MT
MA6H,L2T,M,2,Turboprop/Turboshaft,MT
Y20,L4J,H,4,Jet,HJ
XA41,L1P,L,1,Piston,LP
YAK3,L1P,L,1,Piston,LP
YAK9,L1P,L,1,Piston,LP
YK28,L2J,M,2,Jet,MJ
YK38,L3J,M,3,Jet,MJ
YK40,L3J,M,3,Jet,MJ
YK42,L3J,M,3,Jet,MJ
YK50,L1P,L,1,Piston,LP
YK53,L1P,L,1,Piston,LP
YK54,L1P,L,1,Piston,LP
YK55,L1P,L,1,Piston,LP
YK58,L1P,L,1,Piston,LP
Y112,L1P,L,1,Piston,LP
Y130,L2J,M,2,Jet,MJ
YK30,L1J,L,1,Jet,LJ
B360,L1P,L,1,Piston,LP
GM01,L1P,L,1,Piston,LP
YA1,L1P,L,1,Piston,LP
J40E,L1E,L,1,Electric,LE
CH15,L1P,L,1,Piston,LP
CH50,L1P,L,1,Piston,LP
CH10,L1P,L,1,Piston,LP
CH18,L1P,L,1,Piston,LP
CH25,L1P,L,1,Piston,LP
CH30,L1P,L,1,Piston,LP
CH62,L2P,L,2,Piston,LP
CH64,L1P,L,1,Piston,LP
EDGE,L1P,L,1,Piston,LP
EDGT,L1P,L,1,Piston,LP
